PC1,PC2,PC3,winner
-9.214489621691545,-1.9582263111978913,-1.0333988375682635,Kolkata Knight Riders
-8.998550546495334,-1.64321593115858,3.140759914247123,Chennai Super Kings
-9.365065436878721,0.6543560885306658,0.4190361852159034,Delhi Daredevils
-9.412459628116256,0.05171269624371424,-1.242661014872716,Kolkata Knight Riders
-9.17015455280776,0.5725666934718201,0.8336446869353412,Royal Challengers Bangalore
-9.220125642170526,-0.051276197196315,1.2066076895289752,Rajasthan Royals
-9.278427723549777,2.39576029213065,0.2537991095508542,Delhi Daredevils
-9.018061433443519,-1.4203836919478299,2.269619440244396,Chennai Super Kings
-9.003441504978749,-0.8251241858239468,2.8103621064804685,Rajasthan Royals
-9.176406487003534,-2.4157889772463372,-1.404058621312797,Kings XI Punjab
-9.291959926603909,0.23771652503606827,1.000515235119328,Chennai Super Kings
-9.26425122904299,1.7017966498803487,-0.17268222283966358,Rajasthan Royals
-9.229939624825626,-0.20651664626060484,0.532659913959133,Kings XI Punjab
-9.217090388552926,2.541058924792762,0.9697003731843731,Deccan Chargers
-9.149348613651979,-0.38235029743846183,0.3243169127782455,Chennai Super Kings
-9.285384582979232,1.7104540866622189,-0.1499343782813799,Mumbai Indians
-9.097878980488568,-0.8846730122930017,1.673253045527582,Delhi Daredevils
-9.120515850573256,-2.5043096699810694,0.11410453296583445,Rajasthan Royals
-9.179279551899986,1.3871051240260657,0.9074270135364785,Kings XI Punjab
-9.18856095740806,1.563314435168931,1.5128862382138488,Delhi Daredevils
-9.158846973141294,-0.8368189149439974,0.9941104812521397,Kings XI Punjab
-9.214255910517883,-0.38121720008077453,0.022400034863781875,Royal Challengers Bangalore
-9.205079484628953,-1.7818831454260045,-0.8552063154805151,Mumbai Indians
-9.428462584447022,0.4170401192423289,-0.7272275056061814,Rajasthan Royals
-9.306612208011146,1.5518432326098528,-0.9679087854533125,Kings XI Punjab
-9.246748376286103,1.5335201973562926,0.3417132825887366,Deccan Chargers
-9.4145489376156,0.3179905469342405,-1.1267721513004623,Mumbai Indians
-9.320445118298771,0.237959072682877,-0.7493778098616531,Kolkata Knight Riders
-9.108191751666393,-0.1582532156607307,1.8775512457908716,Chennai Super Kings
-9.300012004008272,0.46334949726481744,0.617173640859856,Rajasthan Royals
-9.14825432779018,-1.818912283186575,0.9296898529504293,Chennai Super Kings
-9.081501252351432,-0.7430747021136522,1.6056313477153268,Kolkata Knight Riders
-9.187884007645522,-0.08333590390378787,0.33323058896672847,Rajasthan Royals
-9.326555484554824,0.5311890526212777,0.8925862804424304,Kings XI Punjab
-9.345959905696388,-1.4366553891992055,-1.4313600432869684,Kolkata Knight Riders
-9.22955431705836,0.7702701718038002,1.5328827115884345,Mumbai Indians
-9.106072376114337,-1.8164746274409922,1.5862330277875565,Delhi Daredevils
-9.54131744671635,0.7502369766006305,-2.1405724588024806,Mumbai Indians
-9.42172233865074,0.37308637835678315,-0.9429030315908307,Kings XI Punjab
-9.172678959429879,-3.0947094308120104,0.6331171214439089,Rajasthan Royals
-9.177177787594553,-1.0977389157495079,0.3946183916425315,Mumbai Indians
-9.388210057551587,0.8676772654857922,-1.2029130625298838,Chennai Super Kings
-9.220749960453324,0.6836773704200713,0.49335899624196977,Delhi Daredevils
-9.220051978703294,1.1963506552317449,0.1589204286003235,Rajasthan Royals
-9.050824204342875,-0.18716292741623988,1.1415294388076178,Kings XI Punjab
-9.341742612135642,-0.5630741748030746,-1.5235528350021679,Royal Challengers Bangalore
-9.164136073634976,0.6315231841819562,1.8654100626277226,Kings XI Punjab
-9.1506094912285,-0.2955117900814631,1.3837821919024211,Delhi Daredevils
-9.017399584636006,-0.9159776525365829,2.1305118906724583,Rajasthan Royals
-9.172433833441705,0.7712200371490084,0.4378781618042307,Royal Challengers Bangalore
-9.161130681508928,-0.05999685320289807,1.044917560924685,Kolkata Knight Riders
-9.247525991535547,0.28295391789300095,0.29423338942682453,Rajasthan Royals
-9.251620082013376,1.6079581910624055,0.2185848688834211,Chennai Super Kings
-9.313769903604202,2.646935119179163,-0.5776272561670729,Mumbai Indians
-9.043633110675737,-2.362176363026582,2.0815041407136956,Kings XI Punjab
-9.257951268676239,-2.4253848913860727,-1.7011785518169142,Rajasthan Royals
-9.442337880115005,0.822449780877317,-0.17134897932035367,Chennai Super Kings
-9.17513318081034,-0.28154607296541156,0.8980800971363997,Rajasthan Royals
-8.20431548974957,-0.8958019936990618,-0.020178131182139354,Mumbai Indians
-8.412030850429522,-2.370516353341481,-3.350550590044668,Royal Challengers Bangalore
-8.521149184877261,1.5733624814354263,-0.8145633866757434,Delhi Daredevils
-8.461529607900545,0.5047313028798811,-1.0855445778417487,Deccan Chargers
-8.29778162269978,-1.2891059980795698,-1.6586007804946459,Chennai Super Kings
-8.314040959218408,0.4517430382859492,-0.9317324303109901,Kolkata Knight Riders
-8.168057373247073,-0.8638050326434472,0.47059635334136707,Deccan Chargers
-8.141825662151827,-0.338836989042308,0.24149888933363128,Mumbai Indians
-8.124884727501128,-0.5120811490341458,0.9256824426624721,Delhi Daredevils
-8.176943282901433,1.430871818098583,0.8174778068402604,Kings XI Punjab
-8.199872085632823,-0.7907167789073125,-0.13196961507094068,Deccan Chargers
-8.25604512061455,1.1576765659034036,0.2589803316099606,Delhi Daredevils
-8.33090686222504,-0.9658912640494267,-1.1227549101392347,Kings XI Punjab
-8.270131669147073,-1.6337120928688522,-1.2698819741060396,Mumbai Indians
-8.180603195062435,0.9027810413437016,1.1063226366281145,Deccan Chargers
-8.274149098753549,0.8533933598801932,0.01785824230060237,Rajasthan Royals
-8.299268838803266,0.552693270542065,0.06689874054564514,Royal Challengers Bangalore
-8.364713196382041,-0.1220491897848052,-1.488762461236823,Kings XI Punjab
-8.233596226684165,-1.9522424334580408,-0.5085258288651932,Chennai Super Kings
-8.232879757763966,1.279687796736411,-0.06258657320431367,Delhi Daredevils
-8.275034919110041,-0.4587851749960496,-0.8780475750878477,Royal Challengers Bangalore
-8.263694598869364,-0.4108266428230913,-0.16916159541109643,Mumbai Indians
-8.301686978551166,0.015152474523991226,0.01536834534456024,Rajasthan Royals
-8.189609168921944,-1.0320406862260667,-0.7316111940550079,Chennai Super Kings
-8.257887890952434,1.142284510610755,0.9958442276921431,Kings XI Punjab
-8.295222445227017,1.2962401247396582,1.350436280388057,Royal Challengers Bangalore
-8.277980688925837,-3.2309196742926716,-0.9342854770980902,Chennai Super Kings
-8.271794684178204,1.4541909213253847,1.6090569018528376,Delhi Daredevils
-8.140113791583634,-1.4013027509322489,0.30875818018805096,Rajasthan Royals
-8.3023925367298,-1.058388076423801,-0.7460975798032504,Deccan Chargers
-8.158572360402943,-0.5579258005857832,1.8487668756273645,Chennai Super Kings
-8.370855926092982,2.1841859151921827,-1.6863707678970157,Rajasthan Royals
-8.403934306478872,0.22892589954941533,-0.7014614563766747,Delhi Daredevils
-8.178253078704424,-0.29572721723925927,1.0112124385964036,Kings XI Punjab
-8.296622209940368,0.557911592667788,0.4069281893034632,Chennai Super Kings
-8.240053272746426,0.2653730033492505,0.14583618476786717,Mumbai Indians
-8.371708635944243,0.5598950381278875,-0.3020103552464793,Delhi Daredevils
-8.256756646660458,-2.3239067103424635,-1.3042748098164167,Deccan Chargers
-8.353346257393678,2.3650623395666175,-0.8792397504836253,Mumbai Indians
-8.156727772983553,0.6882116456022531,1.6658524461720055,Royal Challengers Bangalore
-8.158376679051154,-0.6940019934975085,-0.04555439258004334,Delhi Daredevils
-8.323543608800307,-0.4692876671579638,-1.1978663423245166,Royal Challengers Bangalore
-8.246769200437999,-0.2767939679187469,-0.8463541166947779,Rajasthan Royals
-8.330992382445162,1.5954605047955153,-1.0671865455188922,Kings XI Punjab
-8.211754821172166,0.6047000237036438,1.1872716903636091,Deccan Chargers
-8.277398381606535,0.8532388647432321,0.8676700621572228,Chennai Super Kings
-8.289304156821,-1.4080200184779947,-0.012016743585925882,Delhi Daredevils
-8.294344444914701,-0.2563301630645167,-0.8684690128706585,Kings XI Punjab
-8.138304288388289,0.8498156562803358,2.4804842092784436,Kolkata Knight Riders
-8.349619261673464,0.6427803607930402,0.15130653538607308,Royal Challengers Bangalore
-8.420077373070898,0.2595369762289034,-1.80933840911833,Kolkata Knight Riders
-8.401837700684728,-0.6917722694596995,-2.484313292597173,Chennai Super Kings
-8.195080104758961,-0.22135310954240267,0.6858805683092583,Delhi Daredevils
-8.21588958176705,-0.9087053157909866,0.848845980222128,Royal Challengers Bangalore
-8.232177958578838,1.1754302384467483,0.28926640406380216,Deccan Chargers
-8.256411030593366,0.7845599411384899,0.5907605396455976,Royal Challengers Bangalore
-8.251370121271885,-0.1565384644281844,-0.781429219552139,Deccan Chargers
-7.218893713238948,-0.10093409590817032,0.2024085716266775,Kolkata Knight Riders
-7.274217580927743,1.0109991198176305,-0.39056714063205383,Delhi Daredevils
-7.024793348537356,-1.2391527441562213,2.007941264987412,Mumbai Indians
-7.324030615276161,0.661436356806445,0.13022678102624566,Kolkata Knight Riders
-7.158921078589359,-0.545924907631128,0.44300046846621055,Deccan Chargers
-7.277773542189557,1.201102593517798,0.0859385418018167,Delhi Daredevils
-7.122351899135982,0.8172037336925682,3.1700832314107736,Royal Challengers Bangalore
-7.282450067126217,-0.24376204358172424,-1.2040515439498407,Chennai Super Kings
-7.1842710578454545,-2.223703531520543,-0.3833380819235807,Mumbai Indians
-7.520909263767029,0.834286284745686,-1.1067921943278005,Royal Challengers Bangalore
-7.171971069693354,-0.9444089891247112,0.17037316952465198,Deccan Chargers
-7.149435292623542,0.3701418926561968,1.6912561192836577,Chennai Super Kings
-7.225318841778267,1.6420666868497535,0.1310611717582704,Royal Challengers Bangalore
-7.216898947168595,-0.9267614303611617,-0.351797659727764,Rajasthan Royals
-7.243919662492846,-0.7173366919971466,-0.8089884507560572,Mumbai Indians
-7.209125864795186,-1.346839045732608,0.31856862404616276,Deccan Chargers
-7.256400504991837,1.2284461676824983,1.1705027350901938,Mumbai Indians
-7.231246388014055,-1.5405625942834773,-0.12146045940162752,Royal Challengers Bangalore
-7.169879339572608,-0.5939488030651898,-0.013911951699213587,Rajasthan Royals
-7.137591879925332,0.1491753235099213,2.0904264078045407,Mumbai Indians
-7.148926853717003,-0.30955115830861885,0.5225020278182221,Delhi Daredevils
-7.3102369651710974,0.19966802273339035,0.6858101785776309,Rajasthan Royals
-7.225509062350751,-0.9045159971827216,0.4106677864717418,Kolkata Knight Riders
-7.154391737502962,-0.8205048660119212,0.23802119740220945,Rajasthan Royals
-7.210485511840809,-0.9939634538817582,-0.8489973316770486,Mumbai Indians
-7.249205127666357,-2.139844507456678,-0.010698429930001476,Delhi Daredevils
-7.200272761706172,-0.6054815848280961,0.3801828607267285,Mumbai Indians
-7.235154612311093,0.7210675170895149,0.9461384189541148,Chennai Super Kings
-7.23730348949957,-2.899577016312888,-0.8010195424150358,Delhi Daredevils
-7.178519942100651,-0.92666533484249,0.5668063872857225,Kolkata Knight Riders
-7.171486882582473,0.7176212361291628,1.7950956681966994,Royal Challengers Bangalore
-7.24876268565518,-2.765581531967381,-0.8731181136869143,Mumbai Indians
-6.947776126694793,-1.732903822660543,3.180974471874077,Chennai Super Kings
-7.0959730002416315,1.1324984262963653,3.020074182919618,Kings XI Punjab
-7.211130743103534,-2.0911032377947283,0.17867594610362741,Delhi Daredevils
-7.213705081694261,-1.0069794693322185,-0.6241583748709664,Rajasthan Royals
-7.247246973686232,-1.702807942560069,0.02077064522843515,Chennai Super Kings
-7.295478727572457,0.8650263091370083,1.3470724361047557,Rajasthan Royals
-7.194560807645933,-1.5131232002394124,1.1233021506581746,Kolkata Knight Riders
-7.131794075483819,1.1032859590501778,1.8095758941909712,Deccan Chargers
-7.267789237890119,-0.08858873087047646,0.5774349306640127,Kings XI Punjab
-7.236600232442728,-0.03430677299715509,0.8956465018975173,Royal Challengers Bangalore
-7.332697882882503,0.3106501739845222,-0.03950680178799451,Deccan Chargers
-7.209249483622398,-0.6705166640000639,-0.17595382513020305,Mumbai Indians
-7.403242034237419,2.161184567806446,-1.5580762062809144,Kings XI Punjab
-7.263785196303699,-1.4028987294864874,-0.5935390136070253,Deccan Chargers
-7.340487295038523,0.5745585276641089,0.623242478501217,Chennai Super Kings
-7.19113720853352,-1.7927398823951977,0.399152024044997,Mumbai Indians
-7.335519840790993,0.9798518024447089,-0.38120669823596826,Royal Challengers Bangalore
-7.388051650311548,1.6885186113297246,-1.4886195465131584,Delhi Daredevils
-7.1797463535376815,0.2810260333073739,1.779657155008031,Deccan Chargers
-7.36343945810978,0.3907650630608517,0.07053255128552159,Kolkata Knight Riders
-7.195548403858343,-0.8661392874829202,-0.17506148707477065,Mumbai Indians
-7.107134665334083,0.465673087328505,2.5020042157910267,Chennai Super Kings
-7.318341884068972,-0.512073814961284,-0.6072452913713555,Deccan Chargers
-7.365435237361738,0.685504425654533,0.39772488181490817,Kolkata Knight Riders
-7.174043961751999,-0.7145632652859282,0.04832262077999434,Mumbai Indians
-7.332273787569597,-1.7511196815692873,-1.8120586758800095,Chennai Super Kings
-7.569525072753439,0.8286752523193077,-1.5954633719519884,Royal Challengers Bangalore
-7.237150468703788,-1.6307733518656895,0.038752899239737716,Chennai Super Kings
-6.265017642229527,-0.6950672820541293,0.2754848643521013,Chennai Super Kings
-6.283636655050184,2.1311074410805713,-0.18073573085080516,Rajasthan Royals
-6.229614466844894,0.9633969106241326,0.9113279226604836,Royal Challengers Bangalore
-6.458283501884365,2.7320111345468123,-2.037603121171222,Mumbai Indians
-6.436491196531821,0.737882900961314,-0.8466851034967876,Pune Warriors
-6.2534880382874,-1.107542016273406,0.37311475299447905,Kolkata Knight Riders
-6.308013453918063,2.2254704826887015,0.6796107896599337,Mumbai Indians
-6.297990288584711,0.5984229755036804,0.5526931666789978,Rajasthan Royals
-6.132130663595041,0.5662202183983344,2.1776532539458913,Kings XI Punjab
-6.255180036269833,0.007206532131086235,-0.07410908055680672,Pune Warriors
-6.214567104318493,-1.87718233058108,-0.12700143662653887,Deccan Chargers
-6.2295840327803615,2.0487104221859522,1.3305755227326466,Kolkata Knight Riders
-6.144335744895119,1.268960631190201,2.4048867519299493,Kochi Tuskers Kerala
-6.183689767680501,-1.3567549566574884,0.6878072004926301,Chennai Super Kings
-6.197278742429789,1.8463888060053806,0.804720440415343,Kings XI Punjab
-6.538564107864444,0.7353389005159748,-1.9153927934292458,Kolkata Knight Riders
-6.13258992322926,-0.450662126970587,1.601769912443762,Delhi Daredevils
-6.318237106067653,1.3042485113953284,0.20029856327717946,Kochi Tuskers Kerala
-6.22877016825733,-0.19075594407256008,0.27176553409323406,Deccan Chargers
-6.308981038451361,-0.1785851163626363,-1.3909685082835956,Kochi Tuskers Kerala
-6.40411203676671,0.20354052328237193,-0.7100334763878062,Mumbai Indians
-6.12922026152297,-1.8905544686585491,0.04947278067372827,Kings XI Punjab
-6.182729190890705,1.9468899058097768,1.6599173969069547,Royal Challengers Bangalore
-6.216774555880183,-1.3311981948953677,0.370891440422251,Mumbai Indians
-6.009672331987717,-1.880738204757991,2.505475245407824,Delhi Daredevils
-6.432869303894849,0.48032866712950706,-0.8958137649615817,Rajasthan Royals
-6.229150781241587,-0.42264539709845866,-0.2619352857497524,Mumbai Indians
-6.320314854887907,-1.3463162899213106,-1.257723973895661,Chennai Super Kings
-6.210426552885561,-0.08115568534188672,0.41219556687487174,Royal Challengers Bangalore
-6.394180846575543,-0.6782088361733697,-2.823493839070024,Deccan Chargers
-6.295302928251593,1.9950397022609418,0.27464436651378527,Chennai Super Kings
-6.2695719603633515,-0.46980367465519834,-1.0687279139652759,Kolkata Knight Riders
-6.481328175074793,0.9505492308120053,-1.4976312211708962,Rajasthan Royals
-6.183677211362171,-1.0249297582464711,0.6359110773111807,Royal Challengers Bangalore
-6.391952813199991,1.171517670767613,-0.24830757386386088,Kolkata Knight Riders
-6.295768732395606,-0.7587616828798233,-1.4206657216162852,Delhi Daredevils
-6.256729420064769,-1.3313709817966852,0.0035282678482646953,Chennai Super Kings
-6.290086287951027,0.4938919359850451,0.19317485434493337,Rajasthan Royals
-6.293904127699045,1.6234434230148258,0.09467291763881433,Kochi Tuskers Kerala
-6.256236728435138,-1.3327832996678386,-0.30863272553776544,Mumbai Indians
-6.210351408581384,-0.2993983273640669,0.3683961008804948,Kolkata Knight Riders
-6.31135094061983,0.8186729033074567,0.8242887013779191,Chennai Super Kings
-6.245776212699719,-0.7816669145752708,-0.3903401442976341,Mumbai Indians
-6.181054383112356,0.06358404770991159,1.275104276670584,Delhi Daredevils
-6.2463386486333645,-0.9409717911901877,-0.2147775704504427,Kochi Tuskers Kerala
-6.192671147896857,-3.2355093622779156,-0.6696573945350277,Royal Challengers Bangalore
-6.498267599901452,0.44186428786824317,-1.2280675615411956,Kolkata Knight Riders
-6.214544051959579,-2.196189914454209,0.1115686317220632,Mumbai Indians
-6.414286576074641,0.5839791544269467,-0.020713469554936803,Royal Challengers Bangalore
-6.383702361765696,1.247300429012421,-1.1983021040164146,Pune Warriors
-6.165336094533794,-0.6735444323074227,-0.25574078995775423,Chennai Super Kings
-6.289958140002278,-2.6417649259151474,-2.3524353719388564,Kings XI Punjab
-6.321365392373504,1.4295938925409355,-0.4996362852233222,Pune Warriors
-6.261163095181523,2.2972179445364547,0.6050411076114665,Royal Challengers Bangalore
-6.208066500163381,-1.0775267441626986,0.7591737773718477,Chennai Super Kings
-6.136091714598932,0.8905265240304396,1.287433626359033,Kings XI Punjab
-6.457377851879932,1.2969472191724523,-1.7367184035518703,Royal Challengers Bangalore
-6.330420547420042,-0.11395101928825067,-1.1390009906417697,Deccan Chargers
-6.226532523714255,-1.5019821280653096,-0.2635803893506973,Kings XI Punjab
-6.471343067193055,0.6035506614019633,-1.3635124236788088,Kochi Tuskers Kerala
-6.284727729404687,1.4786105551345263,-0.6520667947024095,Deccan Chargers
-6.157995111718006,-4.471520343935495,0.13623103482516125,Kings XI Punjab
-6.283860567311121,-0.41240234359088,-0.0031635609648547835,Chennai Super Kings
-6.363253732653558,1.9304921025609527,-0.9137166196992027,Kolkata Knight Riders
-6.323939015753179,2.7309807901016536,0.313168567343564,Rajasthan Royals
-6.210489632639744,-0.7277122356599192,-0.5635893356436154,Deccan Chargers
-6.378390036850246,0.6535122547460956,-0.072169656567961,Royal Challengers Bangalore
-6.149062807577657,0.5535078733286741,1.0389488336797046,Mumbai Indians
-6.179242875768124,0.724565502222461,1.6153498539247602,Chennai Super Kings
-6.260646074255101,0.1976826518881509,-0.06789361706604966,Mumbai Indians
-6.2046497303183274,-2.0925352049393555,0.20520018768067677,Royal Challengers Bangalore
-6.164859814250345,-2.563122125261218,0.33086663860178644,Chennai Super Kings
-5.36974215646093,2.338210334542722,-1.5905058027039942,Mumbai Indians
-5.435185840546811,2.6696445475033914,-1.9244655183824027,Delhi Daredevils
-5.169108690330825,-2.048861821224243,0.6611881207234463,Rajasthan Royals
-5.349099800584361,-0.8012447107710687,-2.2540199852041014,Pune Warriors
-5.260783848428783,-0.8278445084284144,-0.7950507978568284,Royal Challengers Bangalore
-5.202573977291465,-1.3351180124914384,-0.9856662779000265,Chennai Super Kings
-5.248365204543381,-1.2788093581114313,-0.30686398467594883,Pune Warriors
-5.236579516627818,-1.6993905940696947,-0.3463966729747052,Rajasthan Royals
-5.287698012834648,1.1086394387739393,-0.7075897848728352,Mumbai Indians
-5.452867002853657,0.8993846370720664,-0.8005053422008287,Delhi Daredevils
-5.272102680230878,-1.1354907893416397,-1.2177682986025786,Kolkata Knight Riders
-5.102267473736303,-2.1462231283951607,0.5765444427557326,Mumbai Indians
-5.085960947569798,-0.5174273173384462,2.151954934553633,Chennai Super Kings
-5.42373990208561,0.32476975371314204,-0.9283594222866921,Kings XI Punjab
-5.338025138450711,0.8874917452587129,-0.3046051300292733,Kolkata Knight Riders
-5.267340503510617,0.9067417458024898,0.8741369181025332,Pune Warriors
-5.196465322267099,-0.39468475474554526,-0.1854525330684152,Rajasthan Royals
-5.314987205205356,-0.644855342043458,-1.1283668787418,Kings XI Punjab
-5.450832310435484,2.3965693944108875,-2.4125749422785656,Delhi Daredevils
-5.108896311810644,0.8436215356490989,2.2849532200941933,Rajasthan Royals
-5.176700395504216,0.24895050362510407,1.6747659427916997,Royal Challengers Bangalore
-5.379064282283343,2.281051457870367,-0.5621160406530922,Kolkata Knight Riders
-5.2722029312898995,0.016078112218019636,0.4344263707441012,Delhi Daredevils
-5.228173082358984,-0.9621189058866838,0.1408005362856268,Chennai Super Kings
-5.218034934055744,0.6480449637013733,0.711525768316069,Royal Challengers Bangalore
-5.143370262159343,-0.29336042362681153,1.057391534670592,Pune Warriors
-5.296948137916546,1.1708641993389832,0.6594106766367858,Chennai Super Kings
-5.223676103285953,1.010272527901167,0.7744677705122498,Kings XI Punjab
-5.341342236382695,1.1256987285523548,-0.890432402893034,Kolkata Knight Riders
-5.1847732892807725,-0.5583182342599837,0.3207746979860888,Royal Challengers Bangalore
-5.317547265107608,1.7209319150233215,0.9928722602993835,Delhi Daredevils
-5.239742961830136,0.05807988666461048,1.3054395906204141,Mumbai Indians
-5.20073792166716,-0.2842623971688772,0.45933023179227855,Deccan Chargers
-5.096598276756597,-2.2858959016974425,0.9072518113301042,Delhi Daredevils
-5.268672912266817,-0.7037485604392342,-0.48773605660536196,Kings XI Punjab
-5.2044430803316155,-1.7506868410205414,0.3354770295250398,Kolkata Knight Riders
-5.428530463804428,0.26093230581545834,-1.8935636866559127,Mumbai Indians
-5.271928079539695,0.311153194631125,0.22830014361183984,Delhi Daredevils
-5.329344603429667,0.8453650858409901,-0.0766807127671785,Kolkata Knight Riders
-5.309018797018047,1.2842900306782197,0.0008829583258871507,Delhi Daredevils
-5.172818001124193,-0.8340887916982903,1.2919391335771888,Deccan Chargers
-5.254527212329334,0.2611096745126333,0.6361208978463336,Kings XI Punjab
-5.386766810428628,-0.5346500253605365,-1.4563627328645259,Mumbai Indians
-5.25556979251247,-0.389388913515433,0.09623814089032942,Chennai Super Kings
-5.28291022407991,-0.8433492078037208,-0.29113220576353893,Kolkata Knight Riders
-5.256912911118207,-0.9290300274436137,-0.4246879420811329,Rajasthan Royals
-5.1474957612805134,-0.46471849381231695,0.36156259823709797,Mumbai Indians
-5.158752784249008,0.9446976675056528,1.767428853547558,Royal Challengers Bangalore
-5.259637618036806,1.3324156323603145,-0.10543776365338907,Kolkata Knight Riders
-5.369498082414751,1.8167450533707221,-0.5765839022872651,Rajasthan Royals
-5.2191046165829675,-0.4304949977597403,-0.18746704530338792,Kings XI Punjab
-5.289924459714601,2.3511639715943975,0.26323279711555014,Royal Challengers Bangalore
-5.333761523004468,0.6999166274197952,-0.8102489362101681,Chennai Super Kings
-5.160825206342125,1.7651670294077815,2.389439425358093,Delhi Daredevils
-5.214221280058428,-0.13590617373189964,-0.36423663202964857,Royal Challengers Bangalore
-5.42973034243857,1.5297469011733256,-0.23856291540319782,Chennai Super Kings
-5.206558003602964,-0.027397050093091593,1.1629521820480466,Mumbai Indians
-5.14201197030784,0.36004501221751867,1.7668717382436971,Kings XI Punjab
-5.271172976012711,-2.0927674574944386,-0.5401644742111588,Rajasthan Royals
-5.226257134878602,0.7157933396288013,0.4781525570154752,Chennai Super Kings
-5.183337137411197,0.554660044016362,0.969972273169756,Mumbai Indians
-5.353971109831142,0.25574392574976895,-0.3430197471784898,Delhi Daredevils
-5.3106157136306456,-0.48992177054350156,-1.9731384551723927,Kolkata Knight Riders
-5.379221316340668,0.7475296890299091,-0.6799600821280881,Kings XI Punjab
-5.044945499005441,-0.03307224640489138,1.7292678729157256,Royal Challengers Bangalore
-5.367180650557889,0.3885809757046336,-0.7769989724977341,Deccan Chargers
-5.283452435443439,1.370578879348976,-0.31501017645796675,Delhi Daredevils
-5.3657249737964525,0.048083119053149506,-1.6441129629757976,Kolkata Knight Riders
-5.3386443163572395,-0.7822659169984183,-1.4097215848224705,Deccan Chargers
-5.223084068605625,2.545654988918198,1.1739047291546678,Mumbai Indians
-5.2631628364962015,-0.07349710591940366,-0.2728436529795555,Kolkata Knight Riders
-5.180763192133033,-2.114820750211778,0.14002990239851873,Chennai Super Kings
-5.146700484082576,-1.6232250888647026,-0.11317432034670974,Chennai Super Kings
-5.1346378566524296,0.6796883382253818,1.9511321492530334,Kolkata Knight Riders
-4.369008363671575,0.09659366537343451,-0.7698647648426504,Kolkata Knight Riders
-4.252908008630333,-0.20512637384905577,0.2970421815618465,Royal Challengers Bangalore
-4.368528000463446,-1.2042414903681629,-1.9960269574416338,Sunrisers Hyderabad
-4.269104749487843,-0.14858251802292957,-0.9059081197547162,Mumbai Indians
-4.234176405765346,-0.6514708991393953,0.2328386373683599,Rajasthan Royals
-4.258713017385421,-0.5443776687320518,-0.5832770301853689,Mumbai Indians
-4.457455415136758,2.6820081203311865,-1.9695516188444402,Kings XI Punjab
-4.305756816516869,-1.3361296969932697,-1.2252335297590373,Rajasthan Royals
-4.259406203456256,0.6598138078329536,0.9513182512175677,Royal Challengers Bangalore
-4.1274296365359975,-2.449922851021659,0.6800402777426692,Mumbai Indians
-4.292739337185266,3.0505110709475503,-0.4418334069081443,Chennai Super Kings
-4.308785343253964,1.010628012341571,0.4874658555342959,Pune Warriors
-4.289671961629772,0.3933410822896707,0.7734899574259437,Royal Challengers Bangalore
-4.408403305735985,0.5980793734521859,-1.7670838078960351,Sunrisers Hyderabad
-4.225372118970123,-2.0215419581307876,0.22225425033909157,Mumbai Indians
-4.204729425995186,0.24598436673801258,0.5231653170899593,Chennai Super Kings
-4.235111606480607,-1.83455303951849,-0.20163028559177035,Kolkata Knight Riders
-4.3789107455565395,0.13522092852314752,-0.8453453536971225,Rajasthan Royals
-4.279077350057176,-0.3109764340457303,-0.6558685501317114,Pune Warriors
-4.208550846228433,-0.5695144073234727,0.165518388745189,Mumbai Indians
-4.23175903111548,-0.8079019093285434,-0.7149130380957931,Kings XI Punjab
-4.310935949031109,-3.2760712115237935,-1.4055699161674402,Rajasthan Royals
-4.3530817102113035,-0.17234754829624074,-2.412169043457473,Sunrisers Hyderabad
-4.349817427878901,-0.7901435452402776,-2.0361746762910737,Chennai Super Kings
-4.3880755290878755,0.23710564721444574,-0.9897979075487215,Sunrisers Hyderabad
-4.417617761392497,0.2555770453519297,-0.8780600024395677,Royal Challengers Bangalore
-4.369760741714719,0.9913312278822373,-1.5908220754253177,Chennai Super Kings
-4.1653432890823865,0.7895778193571606,2.0571689438865444,Kings XI Punjab
-4.284276779117725,1.2542670003278766,1.5931761875179506,Delhi Daredevils
-4.149712397851462,0.5395427233225544,1.65593997807173,Chennai Super Kings
-4.3781481875296535,1.2156265259928014,-1.1303904256420347,Kings XI Punjab
-4.059875600433696,-4.721850604246023,0.05333371792050291,Royal Challengers Bangalore
-4.2506097870004504,0.7413725594710873,0.4754906697806941,Mumbai Indians
-4.243961088185928,0.43597599603686427,0.500469038512428,Chennai Super Kings
-4.3122411986042675,0.6780368990277845,0.35994072644478387,Kolkata Knight Riders
-4.311971305883366,0.37008942134550776,0.31097449339053657,Rajasthan Royals
-4.174234855888449,-2.031367866089984,-0.4634023555237983,Mumbai Indians
-4.229567028648316,-0.34788184142783735,0.27186954497324933,Delhi Daredevils
-4.120369339857989,-0.8694691509376719,1.9326430262558183,Chennai Super Kings
-4.215182765716603,-1.5716887811400535,0.8110239861710818,Mumbai Indians
-4.171540474310416,0.2084012127457037,0.8122721766484002,Rajasthan Royals
-4.276221519841564,-0.023126277373592647,-0.8150434679499468,Chennai Super Kings
-4.365225274316877,0.7531412113737158,-0.03728040362414315,Delhi Daredevils
-4.35854942407989,1.4293611884209334,-0.06719322341790819,Sunrisers Hyderabad
-4.179628558167472,-1.0783563428730032,1.0929060014373122,Chennai Super Kings
-4.154750031595886,-0.05109655931708409,0.5298605072364095,Royal Challengers Bangalore
-4.3841899843198835,1.0904595014460148,0.1059523104924547,Kolkata Knight Riders
-4.552340566621983,0.6513335184979735,-2.545700793251134,Sunrisers Hyderabad
-4.1729850760628,0.6337835570038806,1.434352805958639,Rajasthan Royals
-4.4048596931226465,-2.1748800998431466,-2.4435453149404656,Mumbai Indians
-4.125924479511969,0.7976886851181324,2.1866721503829596,Kings XI Punjab
-4.31838258319245,1.3552235162216537,1.271827700217902,Rajasthan Royals
-4.292265976455183,-2.5673623530702945,-1.613982698881198,Mumbai Indians
-4.096048206487627,-1.1778534270414005,0.5508876386258879,Chennai Super Kings
-4.325376903802671,-0.516672167775044,-1.9053388232299058,Kolkata Knight Riders
-4.287914133668062,1.9892165184872297,0.29924458529667664,Rajasthan Royals
-4.144825041040067,-0.17274521726195954,0.981321271512518,Royal Challengers Bangalore
-4.302095186645311,-0.597551420802277,-1.4133352760643647,Sunrisers Hyderabad
-4.398316924793907,1.3704266922187665,-1.6035956902319997,Mumbai Indians
-4.292917293633716,1.0662047833787112,0.06485813066749642,Rajasthan Royals
-4.391615126771699,0.3444625952485323,-1.3560399339882918,Kolkata Knight Riders
-4.152844479393181,1.0693199565201625,1.7265738616611648,Mumbai Indians
-4.2786480167803935,-1.84581325451446,-0.34782187726198316,Chennai Super Kings
-4.207883399472125,1.2317627679803436,1.4144547631317528,Kings XI Punjab
-4.1894722350552245,-0.7927590075941842,-0.3572094040079358,Mumbai Indians
-4.175664155450805,-0.06033004531406628,0.4010766646407625,Pune Warriors
-4.219187921403933,-0.927365614663728,0.6994574667834015,Kings XI Punjab
-4.321870982277795,-0.9338937638855783,-2.0945980248001472,Sunrisers Hyderabad
-4.195557369818002,-2.0855627263246674,-0.92113440738159,Kings XI Punjab
-4.483283333688085,-0.47164229416946524,-1.8010879798212744,Royal Challengers Bangalore
-4.262824348158302,-1.8970764840515049,-0.5464829317709983,Pune Warriors
-4.348369358861693,0.593390499384596,-0.6574848747080714,Sunrisers Hyderabad
-4.229292004101637,-2.7715487308714404,0.5425202393069978,Chennai Super Kings
-4.325510178879359,0.44319609708536484,-0.7193224138079415,Rajasthan Royals
-4.216404934152436,0.2305387428803704,0.5879302289520454,Mumbai Indians
-4.319717162290524,-0.9129722362512482,-1.4907084883144905,Mumbai Indians
-3.2956338326362014,-0.5475580887261854,-0.8533988153930852,Kolkata Knight Riders
-3.3006011581589134,1.9007320226915685,0.482143002842622,Royal Challengers Bangalore
-3.0969327482711386,0.4758627198975548,2.495802652261683,Kings XI Punjab
-3.308215331516425,0.665604231406458,-0.6814426601827629,Rajasthan Royals
-3.4173311441063587,0.5707535701322022,-1.0457958047054154,Royal Challengers Bangalore
-3.2252923839931698,0.24951569004246316,0.6398459890445458,Delhi Daredevils
-3.1287003811915692,1.0796950243643615,1.968556508931084,Kings XI Punjab
-3.300726201290359,-2.9359771723047876,-2.343535595063268,Chennai Super Kings
-3.187625996402106,-2.923433492295271,-1.0480938916484146,Kings XI Punjab
-3.264020024751684,0.08801122245418919,-1.423741804556367,Chennai Super Kings
-3.2690239986986174,-0.48914873179281626,-0.2017390085706235,Kolkata Knight Riders
-3.1709364418476493,-0.5313448266956979,1.8747356051194837,Sunrisers Hyderabad
-3.3354549085488423,0.6933603282067564,0.0971484980279915,Chennai Super Kings
-3.347070161022854,-0.6231672990862968,-2.35327387462452,Kings XI Punjab
-3.5599464351999086,0.7275692201124057,-2.8623336030955744,Rajasthan Royals
-3.387479328146195,0.7716044510753551,-0.6953632990318971,Delhi Daredevils
-3.273774810354211,0.8827930875869112,-0.02866832753945711,Chennai Super Kings
-3.37507718769842,0.4485315461410068,-0.9546816348803654,Kings XI Punjab
-3.1920094389112537,0.10567507260190517,-0.3219199926882813,Mumbai Indians
-3.1864515856387627,-0.3739779927223457,0.13189034159747648,Sunrisers Hyderabad
-3.334295252313858,-1.6492628074572087,-1.0378703665288196,Chennai Super Kings
-3.224998664574042,0.5667265709510511,0.8928897531217096,Mumbai Indians
-3.267768669943958,1.498672933478962,0.5864722203315954,Rajasthan Royals
-3.2511958695138725,0.37626572401122316,0.13866845855447502,Royal Challengers Bangalore
-3.179507701488141,-0.6027690440161673,0.20923382142910818,Rajasthan Royals
-3.164030550583015,1.6077763662000748,1.6030981825296844,Chennai Super Kings
-3.161302456431887,-1.4783735252851078,0.6072170524038212,Mumbai Indians
-3.0384324028736533,-2.1001255675710295,1.830469728758075,Kings XI Punjab
-3.260019791191613,1.8195447464052033,0.8821241715768312,Kolkata Knight Riders
-3.3236938346228917,-0.7570124909977793,-2.4718492963971928,Sunrisers Hyderabad
-3.1494305490468264,-1.3382799249029436,0.1290696914728162,Kings XI Punjab
-3.2324458533426492,0.3854714714082462,0.23318901572371933,Chennai Super Kings
-3.4201228429920536,2.245063515190531,-2.1522195725621045,Sunrisers Hyderabad
-3.1632770333362052,0.33512253569102274,1.6757708986747122,Rajasthan Royals
-3.2528892182662994,2.4865118032904188,0.07700393977548912,Kolkata Knight Riders
-3.2633789657785197,1.3594459553085083,1.0263911589697974,Mumbai Indians
-3.2811806886917325,0.19534133409516166,-0.10929299307182007,Chennai Super Kings
-3.193277413952054,-1.252159906744694,0.917156581889198,Royal Challengers Bangalore
-3.2971540057073168,0.9964410477430958,0.047746017253512366,Kolkata Knight Riders
-3.0635300766251605,0.5494267957820386,2.462804981144706,Kings XI Punjab
-3.163038777015166,-2.6237804667817235,-0.36475227521804804,Rajasthan Royals
-3.324064107881565,0.8506150818123569,-0.010940410289310289,Royal Challengers Bangalore
-3.2733668538763787,1.8455901728591708,-0.3661681123902189,Kolkata Knight Riders
-3.2305504106779668,0.3786054679716943,0.31623083238261634,Kings XI Punjab
-3.1990521558765983,-0.07209038565590102,0.13880496465171557,Mumbai Indians
-3.262191188071028,1.2875767924117063,1.0061163321935558,Kolkata Knight Riders
-3.2580044455838846,0.7044956546550752,0.853862399191388,Sunrisers Hyderabad
-3.236835368818437,1.6416588497544056,0.21967394309172886,Mumbai Indians
-3.1411160704347694,-1.2187915600794694,0.96223451000209,Kolkata Knight Riders
-3.1199239624972495,0.6548762858690578,1.9729518061222333,Sunrisers Hyderabad
-3.2018229796786115,-1.3728122945203503,0.6126394634818786,Kings XI Punjab
-3.1791096986472756,-0.13718470924976842,-0.2834008500681344,Mumbai Indians
-3.213126679088504,0.17660012147311735,0.201178452054031,Kolkata Knight Riders
-3.2459145080257987,1.9063680241743342,0.6037029615475704,Chennai Super Kings
-3.439291507506968,0.35050173061774675,-1.0153241924567118,Kings XI Punjab
-3.111544747388235,0.47702924030031457,1.8172414998442878,Mumbai Indians
-3.268925857941072,-0.9331378724069689,-0.887958285488675,Kolkata Knight Riders
-3.196350138332012,0.09636672668954746,1.2650510860795487,Chennai Super Kings
-3.0203068898638024,-1.2784351092746424,1.8676221309975887,Kings XI Punjab
-3.0951026251505582,0.22956340182473256,1.7038461487606957,Kolkata Knight Riders
-2.215151928002695,1.2388665566520556,1.343210380971065,Kolkata Knight Riders
-2.2608853452466433,-0.7548480029579514,-0.695555892863312,Chennai Super Kings
-2.260435942126413,-0.6936209992298376,-0.8585302296842341,Rajasthan Royals
-2.1672908652607648,-0.15702951583647518,0.7612356409822576,Royal Challengers Bangalore
-2.120536149376354,-1.867075378902414,0.9080584200890582,Chennai Super Kings
-2.178029911458252,-0.4393805901494379,0.21117417051537374,Kings XI Punjab
-2.1629211599047427,-0.4249855641150329,1.5480446736076006,Rajasthan Royals
-2.1584486485858903,2.0683754523963507,0.31235029398207514,Sunrisers Hyderabad
-2.232299214873569,0.6842856401026688,0.9556538027579738,Rajasthan Royals
-2.229310799993943,0.787771978532138,0.4195692626415617,Delhi Daredevils
-2.324336432986488,1.453147842430776,-0.5512084205367115,Rajasthan Royals
-2.135487882865312,0.9396083804894959,1.2314366209529126,Chennai Super Kings
-2.2176368486821936,0.639078857571359,-0.4119196123711517,Kolkata Knight Riders
-2.1989819429962507,0.14734500530718858,0.05691397102203302,Delhi Daredevils
-2.0823981523767388,-1.182860138071417,1.2156129490331447,Mumbai Indians
-2.2719167203271393,1.2872010430378813,0.9978855995504669,Rajasthan Royals
-2.2749573732102366,1.4299168823294877,-0.40793775658220865,Kolkata Knight Riders
-2.0606036740438953,-0.9765621493573968,1.1916351621282546,Mumbai Indians
-2.261269793170666,-0.4077054899176854,-0.5461485971224407,Sunrisers Hyderabad
-2.1982963175320696,-1.1032844091544067,-0.2837184633815629,Chennai Super Kings
-2.18091674296556,-2.0835023329757605,0.23153947127741245,Delhi Daredevils
-2.3024582816363006,2.7698798142015653,-0.7784679337243173,Royal Challengers Bangalore
-2.2850279362840147,-3.3972717824975653,-1.295167837505843,Chennai Super Kings
-2.264014981874259,-0.9468797683926065,-1.0849667256056075,Mumbai Indians
-2.4517430534522884,3.581799510020415,-2.115466315239233,Royal Challengers Bangalore
-2.2929915713276503,-0.21930217123266416,-1.2270028627807716,Sunrisers Hyderabad
-2.3192917575649856,-0.6470269016149841,-1.1683749321107182,Chennai Super Kings
-2.2220334873828924,0.03901095790875007,0.8001052589494517,Kolkata Knight Riders
-2.1406770981949124,-1.0287073109807898,0.9542939298924923,Mumbai Indians
-2.4503508403782073,0.9913496326949172,-0.4991252062261625,Delhi Daredevils
-2.4319509210641335,1.6288772435378254,-0.8202783331580734,Royal Challengers Bangalore
-2.1099086396239093,-1.000727045652445,0.45953488829557376,Sunrisers Hyderabad
-2.1764991102820477,-1.3299024054894064,1.3543568051908492,Rajasthan Royals
-2.2469113755929917,-0.009654058322212467,0.07266544645106632,Mumbai Indians
-2.2184808611826967,-1.5977533058144577,-1.0938885617797074,Kolkata Knight Riders
-2.304032701839311,-1.2728288151645222,-1.8557714948803952,Chennai Super Kings
-2.3034092251474774,0.5736686378933855,0.12261671891118757,Mumbai Indians
-2.2231766267289164,-4.7990718810809865,-1.2998268842321177,Royal Challengers Bangalore
-2.2203662816733876,-0.5987608638628766,-0.058291076263748375,Kolkata Knight Riders
-2.056082548140778,-0.34789389550143796,1.44520829528674,Sunrisers Hyderabad
-2.2590378348658393,1.0850454493465853,0.5375417636475317,Mumbai Indians
-2.1471124901548846,0.01162781892335626,0.5911456681534327,Kolkata Knight Riders
-2.2437345148211634,-0.06988466109758527,0.5231716474439265,Sunrisers Hyderabad
-2.0305066936345693,-0.5057259900281337,2.125687803744694,Royal Challengers Bangalore
-2.27690105828289,-1.1877336051357386,-0.4398615439520237,Chennai Super Kings
-2.1542046456373622,-0.8939441760264873,0.9443106985978235,Sunrisers Hyderabad
-2.4196640436084023,1.0765921223816697,-0.9068223306616103,Delhi Daredevils
-2.4612706515715304,-0.11989316632001748,-2.524020366509587,Kings XI Punjab
-2.196130719712095,-0.8416111114994774,0.5987498310594523,Mumbai Indians
-2.4251538108786606,1.3292385111260334,-1.104271326354973,Royal Challengers Bangalore
-2.102401866228273,-1.4757169719452408,1.054241524870741,Rajasthan Royals
-2.3579670632649337,1.9300166142055026,-0.6293076860709734,Chennai Super Kings
-2.375849243278153,3.051107042972301,-1.651061388156413,Mumbai Indians
-2.170492105214396,-0.6467029648272833,-0.15240979999978685,Mumbai Indians
-2.2814327140377997,-2.8762478172869685,-1.253404256630335,Royal Challengers Bangalore
-2.2944837374966305,0.08441944914177395,-0.9014607697660458,Chennai Super Kings
-2.138503947142978,-2.0410643985407644,0.4456286616803329,Mumbai Indians
-1.3742018769070172,2.8219417656345605,-0.9847211108205318,Rising Pune Supergiants
-1.4982597612741846,0.8649176189942113,-1.4995828978943475,Kolkata Knight Riders
-1.2216760051643265,0.7919627853942619,0.33096597267668315,Gujarat Lions
-1.0376810519929314,-2.0083272368672427,1.4889847633969724,Royal Challengers Bangalore
-1.1251812974176982,0.8215342241520265,1.5557144074547038,Mumbai Indians
-1.2521660212455685,0.9495217532289453,0.9324131894810166,Gujarat Lions
-1.4713387139885878,0.7813149857896597,-1.0961917749957495,Delhi Daredevils
-1.28391306535474,2.2133401313829912,-0.22166826196193834,Kolkata Knight Riders
-1.2541441749825064,0.3574471427511381,-0.828129204039485,Gujarat Lions
-1.1550635750892542,1.1290422444163508,1.8063052539676188,Delhi Daredevils
-1.2871886459696498,0.5656235320586225,0.16429546609743734,Kings XI Punjab
-1.2856940449042076,0.9620142038413559,0.08713348827115029,Sunrisers Hyderabad
-1.2891132898378492,1.5634826618320692,-0.7347746863467609,Kolkata Knight Riders
-1.2085200720716474,0.30358245110712573,0.8442906245372429,Mumbai Indians
-1.2840557648476887,3.0712489401901766,-0.4381681317719887,Sunrisers Hyderabad
-1.1075601617757402,0.11805363000215491,0.35987855800996627,Royal Challengers Bangalore
-1.2330744449197457,-0.8039091253784606,0.14448755735230057,Delhi Daredevils
-1.2865654346256319,0.7213375191238847,-0.2585089998690152,Sunrisers Hyderabad
-1.1744291781244578,1.2339707888757274,1.6047074438365379,Gujarat Lions
-1.2133145596856423,-0.36111782911219714,0.1172434984186695,Kolkata Knight Riders
-1.1733759565581647,-0.8045850082628626,0.36752218718448537,Mumbai Indians
-1.376591449081423,0.24620333272816267,-2.4034534216598287,Rising Pune Supergiants
-1.203008712366925,-0.4448581332286514,0.6273113319134598,Gujarat Lions
-1.1815396252996078,0.629812810331277,1.1990196430530042,Mumbai Indians
-1.1075580259979787,-0.5009274881043339,1.8412016783065812,Gujarat Lions
-1.162789012241642,-1.7608799653679854,-0.4460937113811222,Delhi Daredevils
-1.1267207932237795,-0.9834840859352694,0.9991001177694698,Sunrisers Hyderabad
-1.2312742292517067,1.8528714847254288,0.7263796831427469,Mumbai Indians
-1.2488659885803857,-1.0540263164855799,-1.5584251650132683,Kings XI Punjab
-1.1410651094171742,0.5851420572795859,1.0877237331574112,Kolkata Knight Riders
-1.2575460002308683,2.1171954407448252,0.028415430144685682,Delhi Daredevils
-1.2472210152897298,-1.2256384486667158,0.2565080029168319,Kolkata Knight Riders
-1.2232271527615244,1.585453769337449,0.47317460895359,Rising Pune Supergiants
-1.3319677110442432,0.9184765233456214,-0.8896182383251356,Sunrisers Hyderabad
-1.1947749072709624,-0.5219102215449588,0.7927619442512815,Kings XI Punjab
-1.1415508609918112,0.3802930003586834,1.9296218673883165,Royal Challengers Bangalore
-1.2418354112354217,0.6986591368083164,0.6428943539056639,Gujarat Lions
-1.284493098369295,-0.6000265074076687,-1.8998009040706834,Sunrisers Hyderabad
-1.1914146077326788,-0.5445589407329189,0.9261399432141495,Royal Challengers Bangalore
-1.285526196737321,-0.29332986128885585,-1.4372189698336977,Sunrisers Hyderabad
-1.2906723929102717,1.1341024832090782,0.4022968102924232,Mumbai Indians
-1.258219915736091,1.826039569061111,-0.31448422077903443,Delhi Daredevils
-1.3686965212832807,2.1046899975588205,-1.3122660484368698,Kings XI Punjab
-1.1261444326603998,-5.125537015191425,-0.7490593976921157,Royal Challengers Bangalore
-1.54525747315803,1.7745987846735445,-1.6190727382306032,Kolkata Knight Riders
-1.1741917369375374,-3.320085148623202,-0.6202486232932667,Mumbai Indians
-1.1843913000465145,1.2263309406896925,1.5332781916613367,Sunrisers Hyderabad
-1.1452221646307428,1.97270304265662,1.7461982860604028,Royal Challengers Bangalore
-1.4952205285112803,-0.11239336942073622,-1.4620733519349955,Rising Pune Supergiants
-1.1958104314964024,-3.2504777340447593,-0.38885217346234124,Royal Challengers Bangalore
-1.3736416708238182,0.647541279269567,-0.9447633917442857,Gujarat Lions
-1.2419669294848432,0.4521958720805408,0.4317879503350703,Delhi Daredevils
-1.2198134178093443,0.08692221898304885,0.5191948533762065,Rising Pune Supergiants
-1.1989483544350872,0.1100649578333579,0.837844935327861,Gujarat Lions
-1.1962841424188166,-1.213144308204597,-0.38832019384342525,Kolkata Knight Riders
-1.2948921256189763,1.5453586639310186,-0.7481060896994516,Royal Challengers Bangalore
-1.2211437652113488,0.6794843757665827,-0.5557569153014661,Royal Challengers Bangalore
-1.2428530976727827,-0.9892250702452661,-1.0228896224495065,Sunrisers Hyderabad
-1.2127919927474313,0.4733104913425768,0.07133156738314503,Sunrisers Hyderabad
-1.0883713413913556,-1.0009306185799771,1.3349594570833583,Sunrisers Hyderabad
-0.11586857578880135,-2.3651689709740946,0.6723108309566547,Sunrisers Hyderabad
-0.1466085916310945,0.11333712255382573,1.4298212729955078,Rising Pune Supergiant
-0.139316561236076,2.3178878800730858,1.890116925888331,Kolkata Knight Riders
-0.23450609109337653,0.6470789995253966,0.5987179047017341,Kings XI Punjab
-0.2653728637041514,-0.9664789949902314,-1.1577286903387067,Royal Challengers Bangalore
-0.3310128907584281,1.0716556826072248,0.11276379777974624,Sunrisers Hyderabad
-0.15242665285201148,0.01856769526056901,0.7010710977952179,Mumbai Indians
-0.3226033651315976,1.4291983442467362,0.5739541562471583,Kings XI Punjab
-0.22131569880960725,-1.2113875740548563,-1.2745084575919485,Delhi Daredevils
-0.21376314610170982,0.05472157940153364,-0.1267384238613225,Mumbai Indians
-0.24901909676724604,0.17170896036944205,1.0068354464898641,Kolkata Knight Riders
-0.31304924134767326,0.5687236265260829,-0.3541217263912903,Mumbai Indians
-0.20157152003935114,0.27296776463431216,0.9296320757282891,Gujarat Lions
-0.2379292183078704,-2.155944585807152,-0.7146079086000453,Delhi Daredevils
-0.20265431897324054,-0.6946936324935528,-0.10990225153960044,Kolkata Knight Riders
-0.2696511229347549,-0.78319558390565,-1.3257557156937323,Rising Pune Supergiant
-0.16623316380337708,0.8960620371856948,1.2439365182789557,Mumbai Indians
-0.22775023454204402,0.4371416716563206,0.22945930586580368,Kolkata Knight Riders
-0.25600652886382635,-1.1127685112524306,-0.5138709721409306,Sunrisers Hyderabad
-0.05194715724528263,-0.17372704180598827,1.5577962573497097,Royal Challengers Bangalore
-0.14576576734439295,-0.7338568665752734,1.0466110116457954,Sunrisers Hyderabad
-0.12011474965488259,1.4030903890041393,2.280791013324597,Mumbai Indians
-0.11953789271376873,0.10633968298427787,1.2350872516517122,Gujarat Lions
-0.3022407325379923,-0.39402349403034764,-1.5255913950103064,Mumbai Indians
-0.16042200939660473,1.0819106719427771,1.3160432757757106,Rising Pune Supergiant
-0.16881537957076517,-0.9750033425099754,0.12419861858957033,Kings XI Punjab
-0.4065383055826475,-2.113868062522476,-4.53018654466091,Kolkata Knight Riders
-0.20454208712146535,-0.14248064321556747,-0.4400446397386332,Rising Pune Supergiant
-0.15866003002132908,1.258298755719375,1.3805650468118869,Kolkata Knight Riders
-0.31334179942994306,2.0951572963620917,-1.1936256229908695,Gujarat Lions
-0.07927411499054528,-0.2602121576908032,0.8317910222818982,Sunrisers Hyderabad
-0.27272060823550043,0.786383839763578,0.6698971894057811,Kolkata Knight Riders
-0.2100077837644786,-1.2166362638113086,-0.9279013791415738,Mumbai Indians
-0.3413173494217448,-2.2258851296660094,-1.6991131434239124,Rising Pune Supergiant
-0.622109215513347,1.2510672222315051,-2.3481105209704523,Kings XI Punjab
-0.12029665229342026,-2.0837008441048566,0.7667773912531876,Sunrisers Hyderabad
-0.2200974780828481,-0.300383096054222,0.08207445399597596,Rising Pune Supergiant
-0.23375210461561322,0.17060234130500138,0.06080970556604211,Mumbai Indians
-0.161252068577809,0.9639113461115747,1.6872879567076773,Delhi Daredevils
-0.22819052679850996,0.6306697441829343,-0.37924202666789997,Rising Pune Supergiant
-0.07748374068729569,0.014979862412063404,2.4621509764666754,Delhi Daredevils
-0.3282655679441287,-0.1631504491658353,-2.0683320239065233,Kings XI Punjab
-0.2575274461375771,-0.4321498685106083,-1.4536439471917386,Rising Pune Supergiant
-0.2739180610047008,-1.7530703409563348,-1.931520654146655,Mumbai Indians
-0.2616264763382141,1.21016685461551,0.21657293546558984,Kolkata Knight Riders
-0.13980495458610692,0.7179801919262179,1.9399655072819213,Gujarat Lions
-0.34213630402956197,0.822008650417179,-0.2047766316113365,Sunrisers Hyderabad
-0.21916487662281806,-0.5541773983542095,-0.18020378560705083,Kings XI Punjab
-0.09671978013074219,-0.7335597285061141,1.3221127005087598,Delhi Daredevils
0.03309283125550835,-0.4792380030007292,2.637545742344349,Kings XI Punjab
-0.23799528898445166,-0.5366639404714664,-0.3548046113594383,Delhi Daredevils
-0.19147590773698217,2.261878884411297,-0.3216458722128652,Sunrisers Hyderabad
-0.1790413850185123,-0.1299437348763756,-0.023188163120940877,Mumbai Indians
-0.25658622637781,-0.10646725307919867,-0.9050264232121035,Royal Challengers Bangalore
-0.5717164997010935,1.12241318765643,-2.413688372831737,Rising Pune Supergiant
-0.2355037894366097,0.09260806076481592,-0.7842572947144714,Rising Pune Supergiant
-0.4510594846992983,2.107344674667792,-2.6349880889077455,Kolkata Knight Riders
-0.4437808189292616,0.41061620515929614,-1.7552446955383163,Mumbai Indians
-0.34378219235666196,0.23631771542723698,-1.5588668877376695,Mumbai Indians
0.7820994965570539,-0.8183394089369623,0.27976909738797795,Chennai Super Kings
0.782886616255338,1.2222556101311004,0.3219808676966197,Kings XI Punjab
0.823999167154571,0.3811120717607394,0.42684645600559273,Kolkata Knight Riders
0.6726815072538461,2.9257230168247026,-1.2176445356545234,Sunrisers Hyderabad
0.9309586995794905,0.39017485359444853,1.6943899405771508,Chennai Super Kings
0.5988226911457757,0.12528119860622533,-2.051299559742585,Rajasthan Royals
0.7537359372500317,-0.37039594187148567,-1.0654108703081635,Sunrisers Hyderabad
0.7816587243140084,0.7810221962148615,-0.7596134738752373,Royal Challengers Bangalore
0.8945671600892676,1.2578426493625303,1.4281550623003785,Delhi Daredevils
0.7157258589301636,1.2198478024665207,-1.034999871261435,Sunrisers Hyderabad
0.9511557857186252,-1.310076552286093,1.7757992364287254,Rajasthan Royals
0.896555138435879,-0.4184669041292075,1.0790188136940082,Kings XI Punjab
0.8263663795247169,-2.7053703067177177,-1.524460743006211,Kolkata Knight Riders
0.906677593721129,-2.1322482854315408,0.3544549280753691,Mumbai Indians
0.7811003628916243,1.7528442793427712,0.06148916456746141,Kolkata Knight Riders
0.8231192092341713,-0.8319177997513723,1.2676203141397382,Kings XI Punjab
0.8471351510560367,-2.8647094592516393,-0.5003572178418108,Chennai Super Kings
0.8066691978841277,1.005949388628102,0.9532140480411514,Royal Challengers Bangalore
0.766605119619219,2.163819395124369,0.19656724404068868,Kings XI Punjab
0.7878559028677958,0.0823243957954226,0.005505146743176626,Rajasthan Royals
0.8438390635104667,-0.7048343800151193,1.0623069212013272,Chennai Super Kings
0.6977448769696061,-0.37695304995157075,-1.3298987092906902,Kings XI Punjab
0.6152245284457303,-0.9210575859238014,-3.526405572590424,Sunrisers Hyderabad
0.954863670406111,0.48666523022718944,1.4852806258362619,Chennai Super Kings
0.6477570912148353,-0.9461335398277331,-1.818403035797994,Sunrisers Hyderabad
0.8872722439753241,-2.6681108887114875,0.5548467156367379,Delhi Daredevils
0.8121984326405856,1.8003150267889656,0.9416626038076517,Mumbai Indians
0.8241288271541678,0.7585082758704788,1.0433714210768485,Kolkata Knight Riders
0.7080129765883176,-0.2377629536993167,-0.9247078940064721,Sunrisers Hyderabad
0.9197332071465012,-0.9551622742854219,1.7787920950675322,Chennai Super Kings
0.7908180600095415,-0.697315571273167,-0.4752436350795416,Royal Challengers Bangalore
0.8261549785180837,-0.41882311505353575,0.26433740082003127,Delhi Daredevils
0.8286104557005021,0.9703670676722069,1.0499543357877628,Kolkata Knight Riders
0.8179047859801746,1.0927838787741295,0.7972622627500136,Mumbai Indians
0.6700761821022192,1.77256133152148,-1.4852430405798147,Chennai Super Kings
0.7412290392876394,1.5174519152328214,0.6131928098688348,Sunrisers Hyderabad
0.7543900382730578,1.528691277654281,-0.4730834655822874,Kings XI Punjab
0.8281634123578654,-0.8136275514321597,0.5832132534288125,Mumbai Indians
0.7436658327721917,0.10810221654184306,-1.4376608955082486,Sunrisers Hyderabad
0.7341412572413127,-0.5346345691326064,-0.9886001588602542,Rajasthan Royals
0.8188828027304085,-3.6357676465092936,-1.5807952947292503,Mumbai Indians
0.833960234559879,2.008070755482117,1.7844033834782558,Sunrisers Hyderabad
0.7941435799936739,0.17985478935896262,0.9561528270015173,Rajasthan Royals
0.8396931047576924,0.47834563392898205,1.3400767821872117,Royal Challengers Bangalore
1.0297079288360367,-2.1521733604581637,1.986221208282302,Kolkata Knight Riders
0.8371449447802543,1.6652968661198952,1.4755942242586628,Chennai Super Kings
0.8034515212444866,1.4803315913794288,0.7120568921608889,Rajasthan Royals
0.5192153511160307,3.749969778289959,-2.5751231243603625,Royal Challengers Bangalore
0.733383933870365,1.6889209665273601,-1.04662215104468,Kolkata Knight Riders
0.8691041029185206,-0.2357257876848344,0.5417925444320459,Mumbai Indians
0.9890501659773815,-0.5109621204532664,1.842857652090687,Royal Challengers Bangalore
0.7175122915802751,-0.9478243700597394,-0.8547458122424415,Delhi Daredevils
0.8374763435482553,0.9431464455209553,0.04441277587531253,Kolkata Knight Riders
0.7089944950421811,-1.6881370016951665,-0.9658120050433269,Rajasthan Royals
0.7490641704648978,-1.47120803228407,0.1080456698235367,Delhi Daredevils
0.7782864233901631,1.1756457417516406,-0.6742411879409212,Chennai Super Kings
0.6879546096377135,0.035261311366487774,-1.1094196794799265,Chennai Super Kings
0.7849426206851388,-0.34607069557358977,-0.505169080832504,Kolkata Knight Riders
0.8089502243562928,-1.1551197656871044,-0.4245505770523761,Sunrisers Hyderabad
0.829876845639488,1.7698146049754466,1.1602042917435773,Chennai Super Kings
1.4711989639708802,2.800982227605777,-3.6204823485778177,Chennai Super Kings
1.9184568989407078,-2.0894514831187925,0.4907335144309718,Delhi Capitals
1.833481769280575,0.8462513072165019,1.4274305478122662,Kolkata Knight Riders
1.8108541556282332,-1.4349192104453448,0.43739351456223297,Kings XI Punjab
1.7167979083463987,1.420835281461467,-0.26173676005130203,Chennai Super Kings
1.929851134006816,-1.1008133335374743,1.6206710940636324,Kolkata Knight Riders
1.8795400877223714,-0.26591873856049286,0.395217930276637,Mumbai Indians
1.873422768432015,0.24737139484854542,2.151926010364483,Sunrisers Hyderabad
1.934543912964449,-0.5446364799310326,0.47858389824902586,Mumbai Indians
1.8258573209611777,1.8733589582202343,0.8093808194438228,Kings XI Punjab
1.84000077890137,-4.381687794923375,-0.6861204891104291,Sunrisers Hyderabad
1.814216949236737,-0.9644300089956624,0.173633074924641,Chennai Super Kings
1.8113394296298344,-1.1432758143438184,-1.1769231281584718,Kings XI Punjab
1.7437513856326832,1.5133805832469636,0.6425038634408955,Rajasthan Royals
1.7499882925542296,-1.4840373861693106,-0.8740850974714613,Mumbai Indians
1.6822470283011983,1.3578407651602735,-1.3963964742709312,Sunrisers Hyderabad
1.920617869346477,0.20658498922982557,2.1926632589133455,Kolkata Knight Riders
1.6480579413005048,-1.4418908433180957,-2.746767566587225,Mumbai Indians
1.6874087689728323,-0.6167154193818103,-0.2507251409482249,Chennai Super Kings
1.7653699763403956,0.7588106179106924,-0.7305572418397254,Delhi Capitals
1.6779916245673312,2.066791610631788,0.08504727335345957,Kolkata Knight Riders
1.708839151810731,1.2517613612847305,0.14973109462931633,Kings XI Punjab
1.603978735851149,2.3852218955993125,-2.1097262613261556,Chennai Super Kings
1.879828663258353,-0.37715799118596505,1.5842603449590775,Mumbai Indians
1.7562124703211683,0.6741069328101248,-0.4676523430398805,Chennai Super Kings
1.8602399247720132,1.4968112434022784,0.7935614899732351,Delhi Capitals
1.8609161243607135,0.140857116086635,1.1334997766099855,Rajasthan Royals
1.7896882060104589,1.722447598592427,1.21773070859087,Royal Challengers Bangalore
1.776532476239843,1.0098449572696706,-0.2205242488231386,Chennai Super Kings
1.7383832219115984,-1.6325360085609943,-2.027187028796597,Delhi Capitals
1.8029227199383262,0.8161364261452769,0.3328210847790438,Mumbai Indians
1.8102173482226303,-0.8594000672961161,0.2437607355822255,Kings XI Punjab
1.6552342752069011,1.4785010509243668,-0.6141513157555799,Sunrisers Hyderabad
1.727817472839452,-1.733505077733631,-1.1316638150382634,Mumbai Indians
1.9167858347456959,-0.8630429912726276,1.8907053998724352,Royal Challengers Bangalore
1.816956198547851,0.8982089476913838,0.06973252347194477,Delhi Capitals
1.7609477981133856,0.8172205999737694,0.28657965826931875,Rajasthan Royals
1.7810037533304544,2.512290616564391,0.1141653351629555,Sunrisers Hyderabad
1.7748686047208848,-0.5347932900227554,-0.4891697979846067,Royal Challengers Bangalore
1.9011515726170054,0.9326268952944089,1.3464774647366897,Delhi Capitals
1.816401984957197,0.9114150026290602,1.1794881466119105,Chennai Super Kings
1.8683600459733274,-1.3010722952154963,1.160042698042583,Royal Challengers Bangalore
1.8098844335047568,-0.03492338989643019,0.4239028438939885,Rajasthan Royals
1.6832078496103844,-1.978100700195389,-1.7266442804809583,Mumbai Indians
1.7844006585419256,1.7706294740509676,-0.025697209035943705,Rajasthan Royals
1.9465635523055649,-2.088557020481915,2.0844965014970813,Kolkata Knight Riders
1.8349712233009292,-1.0406317536657874,0.4298142588494119,Delhi Capitals
1.8923117997553314,-2.032637033970366,0.29472741188021556,Sunrisers Hyderabad
1.725366251331155,-2.947845386668673,-1.808195674932302,Chennai Super Kings
1.7870907394280935,-0.748974017802822,0.22368226077386896,Mumbai Indians
1.8435543910860588,1.3933834180272318,1.1419251362322491,Kolkata Knight Riders
1.8527634170110594,0.40165619263199215,0.3721948812651522,Royal Challengers Bangalore
1.613010539844868,1.5562014958591261,-1.9877358247051768,Delhi Capitals
1.6675071023044388,2.741150201963363,-0.6497094772150489,Mumbai Indians
1.7846173729357484,1.0774473295043898,0.7946275808514954,Kings XI Punjab
1.6237694171206285,1.448128260852644,-0.5766254605393838,Mumbai Indians
1.8058476591934318,-0.13679829495945353,-0.4919407742628348,Delhi Capitals
1.7335013889767779,1.5755698145959078,-0.7553079270199193,Chennai Super Kings
1.7273827222804192,-0.13190757173826181,-1.0278199080411268,Mumbai Indians
2.8053833912964397,1.098394355949928,-0.38004293381765336,Chennai Super Kings
2.7762557325781074,-0.8273486413356421,-0.9012644433347062,Mumbai Indians
2.7755311502334647,-1.2311415982825158,-0.6213769743651536,Royal Challengers Bangalore
2.9755879228397166,-1.0062580474053897,1.1524497275364667,Rajasthan Royals
2.8292396370115815,-2.1469739203634033,-0.4811742692170856,Mumbai Indians
2.7785816782474537,-3.592327273017557,-1.2345616619064104,Kings XI Punjab
2.7652095442587665,-1.5837634758427732,-0.6024682660059011,Delhi Capitals
2.6910338658048434,1.7689875618790276,-0.12606453742973808,Kolkata Knight Riders
2.971146058786913,-0.41664053067891127,2.904258385135678,Rajasthan Royals
2.9307498804977627,-0.9085101472451113,2.0930672647224684,Mumbai Indians
2.773819167965759,-0.7693898090973236,-0.3902879299172668,Sunrisers Hyderabad
2.7771097467759427,-1.6637267268862972,-1.0704236085847079,Kolkata Knight Riders
2.7901081948912307,-1.962440706882111,-0.32749921476432986,Mumbai Indians
2.773545915771539,-0.1600368363299906,-0.09826807701052144,Sunrisers Hyderabad
2.998608740314317,-1.7609495207428354,1.8625598072293397,Delhi Capitals
2.727565259997896,2.1295042971401084,0.15594649300711985,Royal Challengers Bangalore
2.7840679716330214,2.467537321089162,1.56775673062491,Chennai Super Kings
2.893041666250587,-1.6274847539885047,0.5686342701568943,Mumbai Indians
2.820564694969174,-2.4656097692901566,-0.558592045020618,Delhi Capitals
2.7797496669983652,-2.595267977859397,-0.696987447123895,Mumbai Indians
2.7992702562478553,0.04982942619388062,-0.9160381795468876,Kolkata Knight Riders
2.81641569952999,-2.771548040330772,-1.0970700103792677,Sunrisers Hyderabad
2.8198967521739053,-2.0330020413749827,-1.3626769494729396,Delhi Capitals
2.762089607082391,0.012221428063964647,-0.08760557928908354,Kolkata Knight Riders
2.709757453272642,-1.4917373260311475,-0.847830327687221,Royal Challengers Bangalore
2.7533064641351537,0.8154543724150386,0.28758090948677467,Rajasthan Royals
2.768484614415765,0.7836472252811573,0.4555523274177529,Mumbai Indians
2.735417032446771,-3.0149258219835158,-1.0175898352337727,Royal Challengers Bangalore
2.7561919870382185,-1.0367906514526015,-0.7738074263550961,Chennai Super Kings
2.763227576676801,-0.7486039861481337,-0.931202538559063,Delhi Capitals
2.785213190968433,1.8934028644275587,0.7893274849551144,Kings XI Punjab
2.6990241072124057,2.1511629078897627,0.01835538492253152,Mumbai Indians
2.826396716984342,0.5530609222435583,1.09190502457354,Delhi Capitals
2.810850080256427,1.4732006245768927,0.856933828756646,Royal Challengers Bangalore
2.800378098012869,-0.6269293646430468,-0.066204697307879,Mumbai Indians
2.8833880850683,-0.7936855676466389,0.5329097995715331,Mumbai Indians
2.622325167730628,1.9909368975319142,-0.9130508358562622,Rajasthan Royals
2.779018316365084,0.8112428797325958,0.32442353131980856,Kings XI Punjab
2.47565846839845,2.9920135053056427,-2.846798193142096,Royal Challengers Bangalore
2.7609461476140975,2.0959987370495665,0.09524791235955618,Sunrisers Hyderabad
2.6198785277263927,3.4386704256620284,-1.6492579806818743,Mumbai Indians
2.8338851158610896,-2.2825165872618416,-0.9818255281232467,Kolkata Knight Riders
2.640032797806585,-0.739933410436917,-2.363822054802391,Kings XI Punjab
2.7003176241002658,2.199449960963128,-0.1943107219223671,Chennai Super Kings
2.8713293820809356,1.5752973905217842,1.760132260990225,Rajasthan Royals
2.7393190187862144,2.312491832069001,-0.5941530017807148,Kings XI Punjab
2.8696624490763982,-3.616758820994314,-0.32793241651429617,Sunrisers Hyderabad
2.773177408434999,0.8873150188468474,0.16644531932810783,Mumbai Indians
2.8235991124867565,1.0932338527829695,0.7771162740179292,Chennai Super Kings
2.838466704102497,1.2794676099841846,1.4710115292237098,Rajasthan Royals
2.6055075007971125,3.1187775215672087,-1.9141417256615352,Mumbai Indians
2.6423086684545236,1.4075151257662035,-1.7014467602295045,Sunrisers Hyderabad
2.8165706364746588,-2.263822424068597,-1.2502821214428632,Kolkata Knight Riders
2.7449571647735787,2.5035457206956337,0.15405087895549568,Chennai Super Kings
2.767381027015719,1.4521579686418165,-0.35252891609336345,Delhi Capitals
2.763705132096155,3.0133355715161896,-0.23693381636619165,Sunrisers Hyderabad
2.866558712687657,-2.2023692924601237,-0.4745229376776344,Mumbai Indians
2.6770715174833803,1.697457652092841,-1.1571174147220669,Sunrisers Hyderabad
2.8311610791037087,-1.3552923079861907,0.6293569017433069,Delhi Capitals
2.7597787887366003,1.0322152852424968,-0.34694734337391553,Mumbai Indians
3.78971781841602,-0.001375498743102743,-0.9855264101084719,Royal Challengers Bangalore
3.9053879855675837,1.4371100539783277,1.0495114618227426,Delhi Capitals
3.888646673268057,-0.40448358367577364,0.3898425776902045,Kolkata Knight Riders
4.008199507709627,-1.048367716618453,1.7807901343475783,Punjab Kings
3.75075376126483,-0.17850514172599982,-1.6846417922043295,Mumbai Indians
3.752654439351108,-0.5979128848631553,-1.5014583200259235,Royal Challengers Bangalore
3.7515468056960093,0.45005234260502885,-1.0248672772275513,Rajasthan Royals
3.603408634623017,2.038800613134693,-2.2646524513911577,Chennai Super Kings
3.69359742860474,-1.1279980893081973,-1.2473065087777448,Mumbai Indians
3.913240336201097,0.8191847380839502,1.7051388695050769,Delhi Capitals
3.845745538546628,-1.877785850040784,0.30196231265296747,Royal Challengers Bangalore
3.842548067899596,-1.7708264998734706,-1.279154834156393,Chennai Super Kings
3.6975229730243755,1.7393248499679328,-1.3582982694960244,Delhi Capitals
3.940746195141257,-2.1369245714442973,1.5603866145547312,Chennai Super Kings
3.6491681158340206,3.1276391322673445,-1.8070576452298084,Sunrisers Hyderabad
3.856794174863513,2.7806783404375883,0.6837701220558623,Royal Challengers Bangalore
3.687031871039112,2.7475129668119562,-0.7458319537320679,Punjab Kings
3.686709748525029,1.8003298124184126,-1.4173499997411196,Rajasthan Royals
3.781837528668135,-0.5035859893034746,0.1427390062596386,Mumbai Indians
3.7636819842736773,-2.589295906251343,-1.080519355456198,Chennai Super Kings
3.6631775575701764,1.5370730110898418,-1.9000710529353744,Kolkata Knight Riders
3.829866003529505,0.08889762224133063,0.37324018712825063,Royal Challengers Bangalore
3.7772740766809285,1.420965342536355,1.0413591017797907,Chennai Super Kings
3.779932707066898,1.7366486172135145,-0.08010546595026041,Delhi Capitals
3.799466669831503,1.4430623575986428,0.8902536251771067,Mumbai Indians
3.8036128514630674,-1.4745523806785006,-0.5993830647707432,Punjab Kings
3.959759736457159,-0.22162430546038894,2.313854994178512,Mumbai Indians
3.830312754350643,1.598099861220871,0.3546020712715117,Delhi Capitals
3.9022621047494512,-2.4486820984985136,0.6363286916358291,Rajasthan Royals
3.7060224934891446,-0.8212848319988871,-1.3590381360619839,Chennai Super Kings
3.5201677851070157,3.437741561343552,-2.833923323279751,Kolkata Knight Riders
3.917331706000741,0.22895619173520237,0.04017842413170055,Rajasthan Royals
3.7063999896331477,2.5431492691715363,-1.1557174006830397,Delhi Capitals
3.7582917540219545,1.7374277558935576,-0.03965554824259289,Kolkata Knight Riders
3.743680628775385,1.3650955191847134,-0.14167353289842577,Chennai Super Kings
3.7179183115146053,-0.7094007678941426,-1.5030071069653086,Delhi Capitals
3.6685520833773517,0.055348675703875874,-2.027446925572684,Punjab Kings
3.7124924034567273,-2.053373060350659,-2.0426858008815105,Royal Challengers Bangalore
3.7975637181228237,-0.2557243422997641,-0.0325783193292403,Chennai Super Kings
3.759944296754257,1.584513832246682,0.48205410497025597,Sunrisers Hyderabad
3.688438411848137,1.598780754309252,-0.873135562502832,Mumbai Indians
3.6791886649876826,0.7419509647730355,-1.980579036934554,Kolkata Knight Riders
3.742763723338015,1.996094274630537,-0.7072971301762913,Royal Challengers Bangalore
3.6982416743666806,1.6610278236855758,-1.0149631166707436,Chennai Super Kings
3.8133687608178293,0.9644802369527468,-0.01031348861655441,Punjab Kings
3.869870420041622,1.2336253138718285,1.5376213627402364,Rajasthan Royals
3.689952706519629,1.0173248462122042,-1.6680426926225354,Delhi Capitals
3.763879529046402,-0.21834824398556427,-0.527416924193511,Royal Challengers Bangalore
3.6146695913896116,1.957500402617372,-1.9357368223482994,Kolkata Knight Riders
3.6936868686589586,0.38381526332246396,-0.9832998419979491,Delhi Capitals
3.5418278149854463,3.0094361292952003,-2.7650096226026606,Mumbai Indians
3.7089062176684076,0.07802800398026528,-1.335565342787654,Sunrisers Hyderabad
3.6770579938268146,-2.8869341122024,-2.412752253542437,Kolkata Knight Riders
3.6819222062010977,1.5959035382976012,-0.8207577752243977,Punjab Kings
4.002551475191893,-2.0032429107924776,0.5398678615792495,Mumbai Indians
3.7830174921735784,1.5630465995946285,0.4465586451441428,Royal Challengers Bangalore
3.809854702819007,0.37891823500274474,0.4205180211772829,Chennai Super Kings
3.669373419053545,0.909289070203882,-1.1963256237630764,Kolkata Knight Riders
3.6778662858688738,0.42420242779320916,-1.0845431738401339,Kolkata Knight Riders
3.8151129202218863,-1.7949263277388614,0.3318734225947113,Chennai Super Kings
4.660884642037997,1.6130827910201546,-0.9059924129641056,Kolkata Knight Riders
4.84572778714671,0.32898422955224865,0.5606776890546293,Delhi Capitals
4.917044691412704,0.23810899493726795,2.2476463078258333,Punjab Kings
4.787463799180482,0.9950064733040734,-0.12988547474818157,Gujarat Titans
4.887175712044878,-2.0697859906502454,-0.42923732762328815,Rajasthan Royals
4.675439191300176,0.820145931612255,-2.1482283982824892,Royal Challengers Bangalore
4.9591207263877,0.8308093680281077,1.6795659463189574,Lucknow Super Giants
4.7280131440340005,1.8452386642466148,-1.4789259487537054,Kolkata Knight Riders
4.81590001284759,-1.1326876265273904,-0.6347543626176619,Gujarat Titans
4.87332739595452,-1.201312963386063,-0.2592895068823706,Rajasthan Royals
4.774908328401146,-2.0595535397329314,-1.8535021418102666,Punjab Kings
4.814024747114371,-0.9504286150367747,-0.7936342235989984,Lucknow Super Giants
4.78880105334477,0.3092369486933341,0.6310669838241768,Royal Challengers Bangalore
4.752085158931387,0.8260074207035351,0.1718820754823063,Kolkata Knight Riders
4.731734126853795,1.2589271724368678,0.18551713420241514,Lucknow Super Giants
4.912425237605545,1.2173963738126743,0.5645545287680149,Gujarat Titans
4.723710849349725,1.7872410770889644,-0.30363245699507957,Royal Challengers Bangalore
4.752232317476121,2.2023706908824843,-0.19931744551890554,Sunrisers Hyderabad
4.793549219667819,-0.5984211684338347,-0.4110810065983599,Rajasthan Royals
4.905595185745471,-2.432402059342824,0.20602022221985022,Delhi Capitals
4.795641734526692,1.9088472972421096,0.12128156923030733,Sunrisers Hyderabad
4.9108319700598075,-1.9191942625999026,1.1314457241117808,Chennai Super Kings
4.896618172247002,-1.407683765535319,0.5766091114556774,Punjab Kings
4.832302425711136,-1.9044848102832939,-0.16166345710306593,Gujarat Titans
4.847524267417203,1.6785738940422221,0.2874487985192779,Sunrisers Hyderabad
4.877387770732778,-1.618790504850356,0.6600705853299104,Lucknow Super Giants
4.85731978623151,-0.9981512107789068,0.31076792378264634,Royal Challengers Bangalore
4.811600222638888,0.04279027117012338,0.1381667397459994,Gujarat Titans
4.770178718462365,2.0559465271401702,-0.9169363644138009,Sunrisers Hyderabad
4.961649310239711,-1.6815120721542995,1.3566089592722388,Rajasthan Royals
4.830783619860367,-1.0915093427329643,-0.2712915431114573,Royal Challengers Bangalore
4.652276471604382,3.17257417810503,-1.959440473461274,Delhi Capitals
4.763094390190152,0.3356154359902643,-0.7409396505919323,Chennai Super Kings
4.972206555703744,-1.715182273761062,1.992268286590361,Rajasthan Royals
4.478043702022809,3.634504690487968,-3.5726299455033153,Sunrisers Hyderabad
4.7640697410757875,-0.4229106158735843,-1.4378328966467435,Gujarat Titans
4.760013328511435,-1.3089276235472043,-1.2365093736739137,Lucknow Super Giants
4.846122445431987,-0.709322556218296,0.6510665345218792,Punjab Kings
4.674329028556548,-1.180227940836776,-2.4887924202429166,Rajasthan Royals
4.92879625057414,0.5871238671200844,1.2398487341598254,Gujarat Titans
4.764287207600323,0.9168201869151514,-1.204741867436661,Delhi Capitals
4.75991857830806,-0.6949552592388055,-1.7232212469566743,Lucknow Super Giants
4.789750161017807,1.2298851783313485,0.3852523793129662,Gujarat Titans
4.757505456709386,1.0060012053096792,-0.15584242763267905,Mumbai Indians
4.8720841262645465,-0.9727243553684182,1.1747527312389299,Lucknow Super Giants
4.894101322861174,-1.0645267342383888,1.3965393504862669,Chennai Super Kings
4.740643913349148,1.7256936403894063,0.050629575281728914,Kolkata Knight Riders
4.716986614713497,2.393518427003093,-0.7419498895617807,Punjab Kings
4.804031023098386,-0.783803347633552,-0.8177251103041241,Royal Challengers Bangalore
4.909118517746787,-1.6139546143116643,1.0590454663490074,Delhi Capitals
4.841942280437912,-0.16100145023298557,0.1945835558455977,Mumbai Indians
4.865989681863887,0.9655753756710995,1.2210411518596915,Rajasthan Royals
4.739774516211883,-2.519263326110209,-2.516530402727362,Lucknow Super Giants
4.74711433840611,-2.7826380371496753,-0.9800490739095007,Royal Challengers Bangalore
4.838077774239213,-3.273863584961762,-1.5685400181215405,Chennai Super Kings
4.733066423957598,-1.8094038412242628,-2.518199248026041,Kolkata Knight Riders
4.610684124033359,-2.1028781738843705,-2.8108864775150693,Gujarat Titans
4.787603319881972,2.0977655158637094,0.1836254385121133,Delhi Capitals
4.569423252222465,1.8728816862680384,-2.984927918616048,Mumbai Indians
4.884673680563622,-2.1432808896048816,-0.8745086706972498,Punjab Kings
4.743706704976011,-1.7631382306380916,-1.543127011207791,Kolkata Knight Riders
4.652969573390613,1.9410240516845927,-0.6699487116422396,Gujarat Titans
4.786761774253926,-1.155239073645182,-0.5491030694855734,Rajasthan Royals
4.7703645388442215,-0.9556960677078911,-1.3079297713041598,Delhi Capitals
4.888425310943823,-0.7016994685183917,0.6963349442560193,Sunrisers Hyderabad
4.89905481421587,-1.4042201127279694,2.239473204373469,Lucknow Super Giants
4.776084583033252,1.9246795945202875,0.6786927439992512,Royal Challengers Bangalore
4.700054846219217,1.0649184716555276,-0.48363299621526956,Rajasthan Royals
4.77568696890141,1.0319786634730281,-0.29628119156891536,Mumbai Indians
4.771909168785718,1.135998655936139,-0.5435159879020998,Punjab Kings
4.889610119616274,1.427873846537646,1.17571288473468,Gujarat Titans
4.915993294807092,-1.0124041767429675,1.2895182806530276,Royal Challengers Bangalore
4.769665597645831,1.8499845573894786,-0.30073081237186977,Rajasthan Royals
4.676850074241119,2.2419293339413797,-1.4862689714608406,Gujarat Titans
5.857846554310442,0.833845469341915,0.3843884376799732,Gujarat Titans
5.841769812252495,-2.050364232999071,-0.9293785318663519,Lucknow Super Giants
5.8006577717567795,-0.7127041073185494,-0.20461060488497873,Punjab Kings
5.802716567553499,2.0278838808462467,0.3756682805639363,Royal Challengers Bangalore
5.8365345996806735,-2.4388533153217096,-0.980094015980026,Rajasthan Royals
5.968250315153499,-1.0727435232508424,1.0765507591305987,Chennai Super Kings
5.79281521906207,1.465032329551151,-0.3282341824368189,Gujarat Titans
5.8995785568253725,-0.8349439648502291,0.8549927521695828,Punjab Kings
5.815727878290558,-2.931312216941973,-1.6809131104478046,Kolkata Knight Riders
5.643322261207643,1.5772427029185225,-1.8883703936938068,Lucknow Super Giants
5.841485821542178,-2.354387383467783,-0.6119954093320447,Rajasthan Royals
5.7627714230312606,1.8788967070292268,-0.41428508000069847,Chennai Super Kings
5.904811786174207,-0.3556636734726064,1.5722361576906987,Kolkata Knight Riders
5.742297792104415,2.5119862544175344,-0.9838225494480151,Sunrisers Hyderabad
5.931555539627807,-1.3315886185232608,1.9604230480137597,Lucknow Super Giants
5.842041003322615,1.4694543786319205,-0.30217675962798624,Mumbai Indians
5.829556520043567,-0.13660431902643824,-0.34123355781542414,Rajasthan Royals
5.754906236203513,1.5741471892014605,-0.6465040296209974,Gujarat Titans
5.963434516395871,-1.5867627163085316,1.6373595996994503,Sunrisers Hyderabad
5.801171002188615,0.01794086437702987,-0.8433181853496646,Punjab Kings
5.799136383417109,-1.299962250324198,-0.8278384733880554,Royal Challengers Bangalore
5.842894483310093,0.09531599182983566,0.07073278387085268,Rajasthan Royals
5.8565081553127545,0.7174894196189112,0.7459872887846652,Mumbai Indians
5.984820088577252,-1.3845047850462942,1.6158937782565412,Chennai Super Kings
5.872312798307156,-1.570108966060424,0.18450701060873748,Mumbai Indians
5.739316578344681,-0.13889805090882174,-1.0754472170188727,Lucknow Super Giants
5.6833953811041855,1.2185972117333812,-2.1817501139643785,Delhi Capitals
5.7686457372481,-1.622358381432199,-0.6056511845220128,Royal Challengers Bangalore
5.688245568957416,2.0887960897599913,-1.1003056007500105,Chennai Super Kings
5.6594189102207,-0.12059057394638721,-1.6344313564306516,Gujarat Titans
5.9696924758570145,-0.7839522146278767,0.8573513160872704,Punjab Kings
5.955402548401004,-2.419487855378918,1.0907936845612833,Chennai Super Kings
5.872479232596923,-0.35349408075253674,-0.04130401542676825,Royal Challengers Bangalore
5.708812626597391,0.1638583319250714,-1.7347314454752711,Delhi Capitals
5.863595684180245,-2.3164316421741717,-0.5527884966737595,Gujarat Titans
5.870612393396483,-1.399587008817053,0.4209132720235128,Kolkata Knight Riders
5.8463654955901285,-1.1826929270338005,0.36693313151626017,Rajasthan Royals
6.049955313294189,-3.1332622364679885,1.3924650322664207,Lucknow Super Giants
5.888978203321838,-0.6314631017647855,0.6328249976816016,Sunrisers Hyderabad
5.836553643894387,1.5860969527772681,0.5554964799701331,Gujarat Titans
5.93733875834386,0.8759239379819199,1.7136807018757252,Mumbai Indians
5.876397758723293,0.06242529415613208,1.491725987159462,Punjab Kings
5.610449342601372,-0.6706817754503391,-3.0500161851702075,Royal Challengers Bangalore
5.681935186871201,0.30143544968217645,-2.059550522951265,Delhi Capitals
5.922609697526968,0.5825489503375638,2.4438566104185355,Mumbai Indians
5.802704886404155,-0.49019780698194626,-0.8772259039233306,Kolkata Knight Riders
5.619649516214427,3.215915734316649,-1.9696759104681676,Gujarat Titans
5.810291485670335,1.397486322690705,1.2240794562102606,Delhi Capitals
5.701432437280301,1.7161820329571327,-1.2592679631190393,Chennai Super Kings
5.921045727931079,-0.20404719471140403,2.422383487303056,Sunrisers Hyderabad
5.936368176356873,-2.403050168637126,0.9564154041961698,Gujarat Titans
5.821943176480402,0.8543602646071844,0.40160945255425573,Kolkata Knight Riders
5.899992572752669,0.9393159764002872,1.3534064615856711,Mumbai Indians
5.7428189504451215,-0.9794671711495008,-1.4926885218826433,Chennai Super Kings
5.725889591789209,2.705404270148695,-0.45224617963136154,Rajasthan Royals
5.9463697060355925,-1.710694688908678,0.9440739637206773,Mumbai Indians
5.769569246957389,-1.1130931849382697,-1.39906982982014,Punjab Kings
5.8326969785210165,1.504584799056197,0.8674394381562683,Lucknow Super Giants
5.61142572239652,-3.323284233293662,-3.4766230260767093,Royal Challengers Bangalore
5.674581058229794,1.5328569337341065,-0.6824234269974139,Kolkata Knight Riders
5.868913297246019,-1.47500358492564,-1.1538745252487772,Gujarat Titans
5.8131745776436015,-0.27605188996036784,0.45554735574717303,Lucknow Super Giants
5.925024009186862,-1.6029109120694307,1.5949936606375892,Delhi Capitals
5.842986895943247,1.7759836869388272,1.2378019569070906,Royal Challengers Bangalore
5.842882127438336,0.24766965958969675,0.9101204393727762,Rajasthan Royals
5.844977605198681,-3.112797966038863,-0.10291390514990233,Chennai Super Kings
5.840401245852161,-0.32631283102833075,-0.27627484183368806,Lucknow Super Giants
5.901932808340661,1.592450801049764,1.7991941608733797,Mumbai Indians
5.9024218046991335,0.9011322125145163,1.464765822640585,Gujarat Titans
5.804114186516565,-1.222769387745501,-0.9167098472934225,Chennai Super Kings
5.742184421981722,-2.6235067734540656,-2.696095160371761,Mumbai Indians
5.93290601655746,-3.117114403630153,0.6411378640719627,Gujarat Titans
5.884606165526677,0.319959183522629,1.2013172020247243,Chennai Super Kings
6.7948434432906275,1.2843889134902926,0.3207105600176979,Chennai Super Kings
6.944607536306216,-0.7502008796883707,0.8983372659810759,Kolkata Knight Riders
6.851205459518935,0.6704869214030571,-0.3269480120053728,Punjab Kings
6.827054870207375,-0.9081961865481832,0.4763759886606261,Rajasthan Royals
6.787265008337591,-0.8452390164432299,-0.6277247581207233,Gujarat Titans
6.837790547336502,0.5081347699511253,0.260075931647486,Royal Challengers Bengaluru
6.858331996994575,-2.212628770170985,-0.8258102700614761,Chennai Super Kings
7.090554800332897,-1.738793179754188,3.1559822096813437,Sunrisers Hyderabad
6.844209773401546,-0.3918453015524921,0.317108878624336,Rajasthan Royals
6.845236772849234,1.5334862900994801,0.8175774436749798,Kolkata Knight Riders
6.894892165503008,-0.5568398145390574,0.05476310002828658,Lucknow Super Giants
6.78279457410054,1.885703938448403,-0.23338552912181398,Gujarat Titans
6.827564043456888,-0.8240343172319801,0.1917768410136538,Delhi Capitals
6.649877652214072,1.961636482113243,-1.8965557434492069,Rajasthan Royals
6.810713297189552,-1.6911665133899136,-0.6926415685125499,Lucknow Super Giants
6.977333557965457,-4.007022541834298,-0.22680246015422,Kolkata Knight Riders
6.9090180889031805,-0.2857570522816846,1.3086352771962761,Punjab Kings
6.774338980624525,1.2982826219294388,0.1965838541124871,Sunrisers Hyderabad
6.832733748632973,0.9453693172603413,1.309036706448317,Rajasthan Royals
6.71983890143738,-1.5656945676546274,-1.5211554069013729,Lucknow Super Giants
7.006715661206623,-1.9117010806863695,1.3704199643503228,Mumbai Indians
6.694080481354207,2.2213256356469735,-1.3754073083271035,Chennai Super Kings
6.875623984050621,-0.1277266424479748,-0.26123969663177277,Sunrisers Hyderabad
6.881454890787848,-0.2884625368654977,1.4026650591076482,Gujarat Titans
6.906729308016343,1.474270109881202,1.0330383959379446,Mumbai Indians
6.795977570322765,1.3989491402286924,-0.019583733092777354,Delhi Capitals
6.739866642747499,0.5395423446678642,-1.214917648615519,Rajasthan Royals
6.888184325226738,-1.076781014457044,0.9816278331646128,Chennai Super Kings
6.7673336811244145,2.1764559094025913,-0.0580270778606145,Kolkata Knight Riders
7.126256343413713,-1.9883569717239578,3.381858500713187,Sunrisers Hyderabad
6.986011908679043,-0.8002105582800428,1.757258536203848,Rajasthan Royals
6.567051041557183,2.4007176837228954,-3.4144162973281484,Delhi Capitals
6.870114431540325,-1.3172688464524944,-0.08901741397037644,Mumbai Indians
6.832993097127259,1.953359910518104,0.7170978105090581,Lucknow Super Giants
7.054604508861919,-3.2198838616319714,0.818646612033636,Sunrisers Hyderabad
6.705707261148294,0.7399015055865377,-1.7395868347889518,Gujarat Titans
6.986227106737867,-1.542112906595212,1.4689149908320298,Kolkata Knight Riders
6.8240013544929665,2.481831819371728,0.4342719456705313,Rajasthan Royals
6.930551316659595,0.6954488073070348,2.0563141475577837,Lucknow Super Giants
6.992220029051165,-1.348305979430275,1.9344503031282567,Delhi Capitals
6.8791959259353135,-1.5749212939255843,-0.13919175040672427,Royal Challengers Bengaluru
7.121851765298944,1.0598008292222314,3.721750213095294,Punjab Kings
6.889109746566502,1.2793792508107364,1.492556762371687,Rajasthan Royals
7.091784808566345,-2.0230777729279996,2.8752194397213864,Delhi Capitals
6.907257068546051,1.87262810259122,2.2408391217427877,Royal Challengers Bengaluru
6.823704779351264,-3.164455812695587,-0.7269630811266443,Chennai Super Kings
6.743936858612072,2.0234860069078913,-0.7692047855653408,Kolkata Knight Riders
6.723243392899074,0.8665282914905579,-1.1343811898121379,Lucknow Super Giants
6.777527175969988,1.7966283514034225,-0.13977523558834357,Punjab Kings
6.878130520222401,-0.8717362387359674,1.3800414427639436,Sunrisers Hyderabad
6.781781603568989,-1.1790424884412494,-1.8184445494318933,Kolkata Knight Riders
6.76361983273859,1.0223817438148686,-1.3991066643684726,Royal Challengers Bengaluru
6.765383157278646,-1.118328653462041,-1.7900092620295793,Chennai Super Kings
6.910139642857389,-3.646692996980132,-0.9344677567398662,Kolkata Knight Riders
6.821055141124679,1.7448192590621419,0.13940647907071613,Mumbai Indians
6.975776132321425,-1.4150807165187627,0.6992661078979824,Delhi Capitals
6.75192109863829,2.6993608324895457,0.8064665369206032,Sunrisers Hyderabad
6.99557757536864,-2.8951490232823907,0.2909509685056613,Royal Challengers Bengaluru
6.9632842525731755,-2.1237488033615652,1.420687997918837,Gujarat Titans
6.721624888296284,-0.7146889721822348,-1.442036237401712,Kolkata Knight Riders
6.830504931841975,-1.9159893272827229,-1.7015809251194134,Royal Challengers Bengaluru
6.661386066498289,1.1919861077350264,-0.754490077630929,Chennai Super Kings
6.912928033055214,-1.6856101979308415,0.8263488789721661,Delhi Capitals
6.699270478254214,1.3935868278797723,-1.3423395933072726,Punjab Kings
6.941539526241327,-0.9891606698926397,1.0113450445884273,Lucknow Super Giants
6.9322312637917936,-1.4863470658256686,0.948495788877713,Royal Challengers Bengaluru
6.954646693928661,0.015122071848274412,1.8004018979143697,Sunrisers Hyderabad
6.780125750523595,2.4099770947206447,-0.6127156876071026,Kolkata Knight Riders
6.831525133236739,0.6116184057086567,-0.2574339092057195,Rajasthan Royals
6.793737295666678,-0.9422718413890524,-1.579282957908865,Sunrisers Hyderabad
6.602954662312044,2.9401271790025874,-2.3971925655550668,Kolkata Knight Riders
7.828461322269779,1.758351685545268,0.12944148473086325,Royal Challengers Bengaluru
8.096267694263766,-2.011207663773899,2.341701515148267,Sunrisers Hyderabad
7.750493369083469,0.9023994411829159,-1.136097031353932,Chennai Super Kings
7.9754365042824285,-0.865319326950938,0.7256759625417489,Delhi Capitals
8.07272642105891,-0.9953486284097073,2.423246746432267,Punjab Kings
7.729811544161573,2.445896760526053,-0.8129717644877973,Kolkata Knight Riders
7.908395375636594,0.8959554507680836,0.3237537913683264,Lucknow Super Giants
7.825963531465879,-1.7513967882816688,-1.052077552118972,Royal Challengers Bengaluru
7.867629108328185,-1.0257010319295832,-0.6101498525519313,Gujarat Titans
7.794856173238827,2.0160321687630605,-0.6644055727524688,Delhi Capitals
7.839243109342059,-0.18732851743298526,-0.41792635389181165,Rajasthan Royals
7.6144105023764315,2.8867801706303533,-2.21212527923497,Mumbai Indians
7.834592206889563,2.097429774814846,0.3581279596259507,Punjab Kings
7.827011754059063,2.1882790623641672,0.0041314318380140935,Gujarat Titans
7.794099126459346,-2.8744093841236493,-1.7521367566407193,Kolkata Knight Riders
7.921069227343798,-0.39040658911206094,0.423647217942278,Lucknow Super Giants
7.857630275629599,-2.223581857297639,-0.27678379699701455,Rajasthan Royals
7.799774477230604,-0.5376660270358691,-0.40714752872171994,Delhi Capitals
7.75226535050788,2.0156567803722325,-0.7618164064179552,Gujarat Titans
7.9630028700453535,-1.5914254528022378,1.2947291623783932,Royal Challengers Bengaluru
7.948439868073492,-0.7833222197680357,1.1404384207264797,Punjab Kings
8.011706603484729,-1.3399899337019754,2.6183017215020565,Lucknow Super Giants
7.892195774183824,-2.6424396655712625,-0.45756704040632123,Gujarat Titans
7.802322650246909,1.4294424112238604,-0.19183943135273543,Delhi Capitals
7.556773881543175,2.9627399364123046,-2.57510239548881,Kolkata Knight Riders
8.057753803307378,1.2303242528272915,3.1673291024094357,Sunrisers Hyderabad
7.8570182099104775,1.1735538597914756,0.6004843789696027,Lucknow Super Giants
7.79231330620696,2.291056947822908,0.950320659348903,Royal Challengers Bengaluru
7.9161567771790535,-1.6217990479173858,0.5877312487420617,Mumbai Indians
7.7936311217124,1.0545055887052006,-0.27499930727426375,Chennai Super Kings
7.560552142517139,-0.31313308413585267,-3.842996969760099,Punjab Kings
7.896705392421185,-0.7374315098703677,1.0304819470601445,Mumbai Indians
7.769608785673333,0.5801205098912636,-0.11966478621039037,Mumbai Indians
7.563797872409193,1.9481336560509521,-3.166777938041485,Punjab Kings
7.9415260372904735,1.4284237483795357,1.1604815664026515,Gujarat Titans
7.812316088788796,-0.13742134944524845,0.36990898430508384,Lucknow Super Giants
7.807205980672695,2.2850841619355973,0.8710619452806083,Mumbai Indians
7.749201564652424,1.8491117777727877,-0.22539263029535167,Royal Challengers Bengaluru
7.811006183814353,-1.8050197388223725,0.02484884151242339,Gujarat Titans
7.773079693593763,2.177364288495131,-0.04831595356306492,Delhi Capitals
7.7027772802774646,2.089866707488949,-1.0225286542681764,Mumbai Indians
7.901892160952473,-1.397176388952663,0.7310745013841274,Royal Challengers Bengaluru
7.760104580558523,1.3632790055467967,-1.2588135376970757,Sunrisers Hyderabad
7.895669094784234,-2.4599498981434595,-0.5855513087483403,Mumbai Indians
7.777294233102695,1.5268497914690438,-0.4213733485759008,Royal Challengers Bengaluru
7.918050050637342,1.4899301549390573,2.1947749221727255,Rajasthan Royals
7.924904332523115,-1.1936494537150708,-0.11012865427192231,Kolkata Knight Riders
7.896982571856193,0.5655270238111095,0.09947348087760671,Punjab Kings
7.789402812344836,-3.72922707227844,-1.0271184847209816,Mumbai Indians
7.961266332475323,-1.4788056648769996,0.6581720133092579,Gujarat Titans
7.942607047446299,-0.4772613642755971,1.5651632650392187,Royal Challengers Bengaluru
7.9872670176946485,-1.8736693227858408,1.241019554703851,Punjab Kings
7.871684705933349,-1.0589007219837292,1.2870043423503184,Kolkata Knight Riders
7.748762127958521,0.4983795708176992,-1.234831606478386,Gujarat Titans
7.79017993973205,-0.26761581083122266,0.12032389372042324,Chennai Super Kings
7.889049987962378,2.2814156245246884,2.2737929336903955,Gujarat Titans
7.935097936954343,-1.1042843110188183,1.4302204296151964,Punjab Kings
7.9385905519496625,0.7936715078372745,1.1916603802279686,Sunrisers Hyderabad
7.845560263821626,1.2131861904541965,0.4924672189678839,Rajasthan Royals
7.75624888238944,-2.3040526043488656,-1.7084226082835994,Mumbai Indians
7.98198790602237,-2.3486745133451947,1.6415197252621194,Lucknow Super Giants
7.966001017642381,-2.4229131193211058,0.515143114597275,Sunrisers Hyderabad
7.952888821845066,1.0217179248604504,1.1631951905275673,Delhi Capitals
7.947919668387402,-4.284186878798332,0.3977004308269944,Sunrisers Hyderabad
7.873272739502196,-3.333216788171922,-0.5797233634468821,Chennai Super Kings
7.8571507982354785,1.5847451072495422,0.6690235494734845,Punjab Kings
7.996694873284409,0.5189920737471277,2.7973084548242575,Royal Challengers Bengaluru
7.5870266911516255,3.0695003619921732,-2.764136007028868,Royal Challengers Bengaluru
7.961201308878402,-1.2164233249793774,1.5299125907910396,Mumbai Indians
7.934182430871509,0.5709326971912552,1.300178762983885,Punjab Kings
7.899492935490287,-0.47918445914949565,-0.22060296159071505,Royal Challengers Bengaluru
8.931300302551284,1.1824272313112991,0.768781559990959,Royal Challengers Bengaluru
8.956830191877737,0.6561838434489771,2.311961718600586,Mumbai Indians
8.635707174039162,2.7756050680164512,-1.9446824426935376,Rajasthan Royals
8.77449858704588,0.3081259185630129,-0.47784552559744903,Punjab Kings
8.733759654313733,1.8955772225816665,-1.5866640249970994,Delhi Capitals
8.911901260933092,-2.704974527608089,-0.7686208435287627,Sunrisers Hyderabad
8.931512215573946,0.4689370933793305,1.5703880178371072,Punjab Kings
8.914540678437794,-1.029911377094842,0.8849539752058083,Rajasthan Royals
8.764019095661071,1.4076839084080308,-0.21125282235232606,Delhi Capitals
8.76981053090274,1.2907678599297772,-0.9829487351976823,Lucknow Super Giants
9.001842655264992,-2.825379548109836,1.6212543953849892,Royal Challengers Bengaluru
8.642742720257106,-1.1827371176162835,-1.5363899843545237,Rajasthan Royals
8.934319527445007,-1.0925457921022537,1.3530268962391108,Gujarat Titans
8.81817102302475,-0.03351566189868829,0.4967470569575544,Lucknow Super Giants
8.90897573259599,1.1061929549267335,0.8995483138744456,Rajasthan Royals
8.894863446019238,-2.093160508675513,0.9170702601925919,Chennai Super Kings
8.978657610583463,0.8055834026818158,1.9743499446723638,Punjab Kings
9.013357179288382,-1.344805324953116,2.1319160536841775,Royal Challengers Bengaluru
8.79571139053828,1.9030762758182225,-0.35056245523283824,Gujarat Titans
8.867887206901548,-2.5489637857167966,-0.5419857447364408,Sunrisers Hyderabad
8.808827598261857,-1.2505789194524182,-0.3282957298879285,Chennai Super Kings
8.743601690283954,1.4768722291169532,-1.5103011101560329,Royal Challengers Bengaluru
8.888184656178362,1.4284735683121297,1.153538323025632,Punjab Kings
8.834091942627657,1.1119391499446667,-0.33141781014629057,Gujarat Titans
8.877134947770017,-0.7749859678284219,-0.31045713512938006,Sunrisers Hyderabad
8.841918614233155,1.1888522888415212,-0.08580851941634411,Delhi Capitals
9.037048979384782,-1.8466419976315627,1.1841585251384232,Punjab Kings
8.72469327513479,0.9543639933255454,-1.0818586520432023,Kolkata Knight Riders
8.765312103257545,-3.282814876370395,-2.251788735386481,Mumbai Indians
8.977866146334597,-2.6875437312194546,1.4455167599649668,Sunrisers Hyderabad
8.705967764838642,-1.5660875438195854,-2.1747688853849025,Rajasthan Royals
8.781649647721311,-3.398391573268125,-2.195911616863723,Chennai Super Kings
8.895550517847777,0.40653063723626226,1.780524440420464,Royal Challengers Bengaluru
9.08714011442665,0.1490669517173485,4.073716960146172,Punjab Kings
8.994876501452747,0.3447902667725099,2.11312417415236,Sunrisers Hyderabad
8.74767785385332,-0.7061630603427198,-1.2053023109807957,Mumbai Indians
8.756386914918137,2.253258903287896,-0.2590405810397956,Gujarat Titans
8.471365072778164,3.7342387459210773,-3.7126752972766353,Royal Challengers Bengaluru
8.959085943211408,0.6248094806363813,2.466671138658987,Rajasthan Royals
9.027232888849134,0.465757043684243,3.0406064220233397,Sunrisers Hyderabad
8.769880861205404,0.9900350312919838,-1.294757654269187,Gujarat Titans
8.963449450343635,1.1221148866560713,2.2360047439121815,Delhi Capitals
8.7184984235027,2.2695011385882204,-0.3068632254045515,Chennai Super Kings
8.799409925067378,0.8451292638354537,-0.8172136674292316,Gujarat Titans
8.770342771906785,2.0348095204000725,-0.617384522762685,Kolkata Knight Riders
8.987697271963299,0.6360095512047894,2.423029835349948,Mumbai Indians
8.72234484556781,2.3106655929651336,-0.3685147862947221,Chennai Super Kings
8.980183900799792,-1.7840390282025465,1.435054424816064,Sunrisers Hyderabad
8.914756629963867,-0.8690764210284236,1.4941047863291035,Lucknow Super Giants
8.690747983670626,2.498436063307124,-0.9702975577257585,Kolkata Knight Riders
8.877554945641185,-3.226523417368251,-0.305927698814522,Gujarat Titans
8.914377532222348,0.716177358568492,0.9377302774944299,Chennai Super Kings
8.771219722995031,-0.03831505619388261,-0.6716693675203751,Royal Challengers Bengaluru
8.940210888325907,-0.3006843486375128,1.5170292844629878,Delhi Capitals
8.67580446469924,-2.586598436109957,-2.9189251964313514,Gujarat Titans
8.84437545456403,0.980339374554641,1.2560346459968128,Royal Challengers Bengaluru
8.900227088293935,1.1088059875290395,0.975789798959374,Mumbai Indians
8.847387157161902,1.4367606610600347,0.9979675968447627,Lucknow Super Giants
9.01160142541109,-1.3554929221411254,2.5452734256693272,Kolkata Knight Riders
8.935085203497609,-1.6629782424925734,1.1826574824210925,Royal Challengers Bengaluru
8.896091831179739,0.8260464317505322,0.5806821186235617,Delhi Capitals
8.793881373470025,0.8961483460824062,0.16893962710883864,Sunrisers Hyderabad
8.952532027060379,1.080699742754238,2.3179170553388766,Rajasthan Royals
8.690864470559443,0.9559252193664459,-1.3238365709285123,Kolkata Knight Riders
8.870768046507235,-3.4586957686731608,-0.689950563955159,Gujarat Titans
8.996435024677766,-1.8273062029612483,1.738265434470294,Sunrisers Hyderabad
8.895257964505543,1.417514385628084,1.23342433579127,Punjab Kings
8.87530210566574,-1.5585402711297667,-0.3807149921892281,Rajasthan Royals
8.828653506502691,-2.124206801233134,-0.3794069852959509,Delhi Capitals
8.976204307512065,-3.733279664253423,-0.01722664661379815,Royal Challengers Bengaluru
9.014457273969198,-2.514430889325269,0.3932654877433057,Rajasthan Royals
8.930550463947693,1.2366721141685992,1.9134904424787185,Gujarat Titans
8.769184005014333,1.2437024699094918,-0.8068965807450786,Royal Challengers Bengaluru
